model,dataset,protocol,arm,context,pos_name,pos_lo,pos_hi,depth_lo,depth_hi,n,AbsRel,SqRel,delta1,gt_mean,gt_std,scale_ratio
vggt_1b,aea,radial,raw,1,theta,0.0,10.0,0.0,0.7978515625,7406.0,0.2842230091810718,0.2086053301875279,0.7204968944099379,0.5577596303356231,0.14339288562725933,0.7809552244494143
vggt_1b,aea,radial,raw,1,theta,0.0,10.0,0.7978515625,1.1259765625,7183.0,0.12942644453105098,0.0734951600547978,0.8712237226785465,0.9469870538511068,0.10045126045635248,1.1185594757311466
vggt_1b,aea,radial,raw,1,theta,0.0,10.0,1.1259765625,1.474609375,8213.0,0.12034511426756572,0.07161361862566204,0.8806769755266042,1.2707314718281992,0.09964457744549149,1.3846393258265306
vggt_1b,aea,radial,raw,1,theta,0.0,10.0,1.474609375,2.18359375,5539.0,0.0988259503114472,0.040437065672833956,0.93717277486911,1.8252369208679364,0.2229979221891674,1.7444597436127327
vggt_1b,aea,radial,raw,1,theta,0.0,10.0,2.18359375,inf,14849.0,0.12367004663931251,0.2909396326630398,0.8240958987137181,3.701365753796552,2.3986566416314057,2.7884475696411495
vggt_1b,aea,radial,raw,1,theta,10.0,20.0,0.0,0.7978515625,16965.0,0.2876384334491483,0.2790228662194428,0.7784851164161509,0.5354259919319186,0.15289662214519154,0.7446066878566283
vggt_1b,aea,radial,raw,1,theta,10.0,20.0,0.7978515625,1.1259765625,16815.0,0.11961007765672242,0.07338393647551777,0.8764793339280404,0.9721738054750223,0.09460863666118999,1.1553406767212073
vggt_1b,aea,radial,raw,1,theta,10.0,20.0,1.1259765625,1.474609375,20224.0,0.10163056795004252,0.04925680815441639,0.921034414556962,1.2784316630303105,0.09767151654414293,1.3583232351224026
vggt_1b,aea,radial,raw,1,theta,10.0,20.0,1.474609375,2.18359375,17686.0,0.08274710673276783,0.035823381786908096,0.94458894040484,1.813370270358617,0.2178398678459614,1.781202460334737
vggt_1b,aea,radial,raw,1,theta,10.0,20.0,2.18359375,inf,35019.0,0.13019437632625772,0.26032893457751266,0.8306347982523773,3.5966328658192697,2.036490505585636,2.759139063268834
vggt_1b,aea,radial,raw,1,theta,20.0,30.0,0.0,0.7978515625,18358.0,0.27210523251888796,0.2013362222109726,0.7678941061117769,0.5304779541467787,0.16992780245806272,0.7134057360573034
vggt_1b,aea,radial,raw,1,theta,20.0,30.0,0.7978515625,1.1259765625,19614.0,0.12538921949902831,0.060404030730756224,0.8697868869175079,0.963184952991167,0.09842844583241847,1.2431982660623906
vggt_1b,aea,radial,raw,1,theta,20.0,30.0,1.1259765625,1.474609375,21574.0,0.10521713213684386,0.04751766315764513,0.9166125892277742,1.2849840139606703,0.0971472863534351,1.4973504273540763
vggt_1b,aea,radial,raw,1,theta,20.0,30.0,1.474609375,2.18359375,27551.0,0.09120170559255451,0.04543199116953309,0.9185510507785561,1.8374845953300243,0.21360726353798004,1.787936967426329
vggt_1b,aea,radial,raw,1,theta,20.0,30.0,2.18359375,inf,38152.0,0.1622414272835412,0.304101205475833,0.7588068777521493,3.349725583684997,1.9053594399342377,2.5304036192962713
vggt_1b,aea,radial,raw,1,theta,30.0,40.0,0.0,0.7978515625,28433.0,0.2865199528431866,0.16645500662483081,0.7511694158196461,0.5426015601988117,0.1836111669514582,0.7740630496754414
vggt_1b,aea,radial,raw,1,theta,30.0,40.0,0.7978515625,1.1259765625,26692.0,0.16353398834555824,0.09441218653291383,0.8220065937359509,0.968026999106708,0.09358759182728608,1.3118252430768569
vggt_1b,aea,radial,raw,1,theta,30.0,40.0,1.1259765625,1.474609375,27291.0,0.12393209761668599,0.05688853726192587,0.86955406544282,1.2907358710289105,0.099289454166925,1.533913632196076
vggt_1b,aea,radial,raw,1,theta,30.0,40.0,1.474609375,2.18359375,41634.0,0.10738258732151935,0.05469328649260985,0.8859585915357641,1.790273621394173,0.1879289918381883,1.488977954777084
vggt_1b,aea,radial,raw,1,theta,30.0,40.0,2.18359375,inf,32581.0,0.14793589727685627,0.21809795317203445,0.7711549676191646,3.0842028808968416,1.5098916281250474,2.3836576083241465
vggt_1b,aea,radial,raw,1,theta,40.0,50.0,0.0,0.7978515625,38735.0,0.2847446864993475,0.14633448605585933,0.7140054214534659,0.5468014489731913,0.17160136912763907,0.8598709376210162
vggt_1b,aea,radial,raw,1,theta,40.0,50.0,0.7978515625,1.1259765625,38053.0,0.1935899489125932,0.10031522952543062,0.7420177121383333,0.9664740188643143,0.0949437492599284,1.3552920488850082
vggt_1b,aea,radial,raw,1,theta,40.0,50.0,1.1259765625,1.474609375,44467.0,0.1679185677555283,0.07936380059093859,0.825151235747858,1.2952035752988171,0.10015107640362396,1.1047235714180712
vggt_1b,aea,radial,raw,1,theta,40.0,50.0,1.474609375,2.18359375,39815.0,0.11764929025775704,0.05106430330638611,0.8825065929925907,1.7311558879740676,0.19739273891652942,1.390300410999672
vggt_1b,aea,radial,raw,1,theta,40.0,50.0,2.18359375,inf,20054.0,0.1645988598297381,0.2710269049818148,0.7631395232871248,2.955709038720455,1.9524315654165436,2.3133370743339166
vggt_1b,aea,radial,raw,1,theta,50.0,55.0,0.0,0.7978515625,26580.0,0.3183884089815168,0.15184013866521337,0.6250188111361926,0.569323041584368,0.1588253090203517,0.966935593216973
vggt_1b,aea,radial,raw,1,theta,50.0,55.0,0.7978515625,1.1259765625,28833.0,0.24488227521150965,0.1168663502224126,0.5726424582943156,0.9744402132268147,0.09468639127402868,1.1521937442485113
vggt_1b,aea,radial,raw,1,theta,50.0,55.0,1.1259765625,1.474609375,20359.0,0.21902317259050325,0.10328640375178864,0.7216955646151579,1.265090502434427,0.09663999968475002,1.1337368607645644
vggt_1b,aea,radial,raw,1,theta,50.0,55.0,1.474609375,2.18359375,11672.0,0.16819152038743623,0.08080659700140895,0.771932830705963,1.744504995261095,0.19582862770727907,1.5699985312285456
vggt_1b,aea,radial,raw,1,theta,50.0,55.0,2.18359375,inf,5155.0,0.2002738995976662,0.4805940302435022,0.6812803103782735,3.093044525945684,3.527674445883254,2.291405198192766
vggt_1b,aea,radial,raw,1,theta,55.0,60.0,0.0,0.7978515625,9889.0,0.35654345370437773,0.16217386093024852,0.5681059763373445,0.5564869107147936,0.1609246068299115,0.955676768870101
vggt_1b,aea,radial,raw,1,theta,55.0,60.0,0.7978515625,1.1259765625,9496.0,0.2881152303215204,0.13791297501931632,0.4479780960404381,0.9689234385695292,0.08939936824921262,1.0339598730002666
vggt_1b,aea,radial,raw,1,theta,55.0,60.0,1.1259765625,1.474609375,4497.0,0.24356062154634026,0.11750555897273292,0.5759395152323772,1.2734472721397598,0.10443754416020237,1.3700329033097205
vggt_1b,aea,radial,raw,1,theta,55.0,60.0,1.474609375,2.18359375,2764.0,0.19142169528845743,0.10433102503865124,0.7062228654124457,1.7473148064399422,0.19349528991425285,1.4395043056099952
vggt_1b,aea,radial,raw,1,theta,55.0,60.0,2.18359375,inf,1145.0,0.2218588334857591,0.45612449987068976,0.622707423580786,2.9863468886462883,2.3462687470757864,2.298887692578298
vggt_1b,nymeria,radial,raw,1,theta,0.0,10.0,0.0,0.75048828125,2231.0,0.3527836963142262,0.6237121877822369,0.8184670551322277,0.5993238694461565,0.12625689811708027,0.6449997898012966
vggt_1b,nymeria,radial,raw,1,theta,0.0,10.0,0.75048828125,1.265625,5063.0,0.14955651908237694,0.09958391682724325,0.8425834485482915,0.9964031330238988,0.13828740176934523,1.0259342692408844
vggt_1b,nymeria,radial,raw,1,theta,0.0,10.0,1.265625,1.77734375,6833.0,0.08406123033257765,0.04431337678791144,0.9656080784428509,1.53483725578077,0.12770354424749408,1.7103881435190265
vggt_1b,nymeria,radial,raw,1,theta,0.0,10.0,1.77734375,2.763671875,11404.0,0.07842857779079584,0.05104432028808334,0.9353735531392494,2.328121831566775,0.2914950713784841,2.227604497284055
vggt_1b,nymeria,radial,raw,1,theta,0.0,10.0,2.763671875,inf,23098.0,0.07614606505411124,0.11488605499404592,0.9267036107022253,3.684933574470733,1.4303858265992027,2.7668795990652195
vggt_1b,nymeria,radial,raw,1,theta,10.0,20.0,0.0,0.75048828125,7852.0,0.2530150607116174,0.24834596167394551,0.7758532857870606,0.581125019401904,0.13767920108941345,0.6664799056900194
vggt_1b,nymeria,radial,raw,1,theta,10.0,20.0,0.75048828125,1.265625,15300.0,0.11922226753588033,0.05967640941546326,0.8935294117647059,0.9848264527165033,0.1526302716858351,1.069432408155157
vggt_1b,nymeria,radial,raw,1,theta,10.0,20.0,1.265625,1.77734375,19395.0,0.08950766533933037,0.04394136675162637,0.9448311420469193,1.5259471573698118,0.13092920895936952,1.8140411275382191
vggt_1b,nymeria,radial,raw,1,theta,10.0,20.0,1.77734375,2.763671875,22616.0,0.08598131783565256,0.05566267075577353,0.9176246904846127,2.2679398883810133,0.28383380368189115,2.1652332533775422
vggt_1b,nymeria,radial,raw,1,theta,10.0,20.0,2.763671875,inf,42100.0,0.08363476028622938,0.1240406883575679,0.9200712589073634,3.9927971904691213,1.540271201946742,2.8241047534252495
vggt_1b,nymeria,radial,raw,1,theta,20.0,30.0,0.0,0.75048828125,13430.0,0.25016894979752474,0.1253854367067292,0.6801935964259122,0.5665768393987342,0.14521814529482957,0.7735883951808877
vggt_1b,nymeria,radial,raw,1,theta,20.0,30.0,0.75048828125,1.265625,20283.0,0.11823913634601926,0.03964902323842546,0.8898585021939556,0.9806946309332323,0.1464835061227791,1.1747268662428179
vggt_1b,nymeria,radial,raw,1,theta,20.0,30.0,1.265625,1.77734375,21592.0,0.07703506011621829,0.02857130432835159,0.9566969247869581,1.5337969231225685,0.13385366710499694,1.7750342950313847
vggt_1b,nymeria,radial,raw,1,theta,20.0,30.0,1.77734375,2.763671875,22813.0,0.07850635600983578,0.04153338426740288,0.935738394774909,2.222163538196423,0.28509905951227005,2.041080399789954
vggt_1b,nymeria,radial,raw,1,theta,20.0,30.0,2.763671875,inf,32133.0,0.10092249200370777,0.13319038502274333,0.9035259701864127,3.884821544926555,1.2838388958127642,2.6956281691870565
vggt_1b,nymeria,radial,raw,1,theta,30.0,40.0,0.0,0.75048828125,25132.0,0.25999678461636394,0.10022681400519741,0.6198472067483686,0.5452815676198423,0.1468954093002752,0.9245549172197917
vggt_1b,nymeria,radial,raw,1,theta,30.0,40.0,0.75048828125,1.265625,23496.0,0.1386475741337512,0.05665814540105136,0.8307371467483827,0.9858478861761044,0.15286776762341506,1.1936743321578962
vggt_1b,nymeria,radial,raw,1,theta,30.0,40.0,1.265625,1.77734375,24333.0,0.09845726991462214,0.04320190577715143,0.9091357415855011,1.535949403523507,0.14597960254115125,1.703087574614462
vggt_1b,nymeria,radial,raw,1,theta,30.0,40.0,1.77734375,2.763671875,31060.0,0.10321315737262413,0.0575924996223921,0.9056020605280103,2.2110257867836447,0.2891202590874025,2.0248033646647934
vggt_1b,nymeria,radial,raw,1,theta,30.0,40.0,2.763671875,inf,15984.0,0.13731938723431844,0.2034564274681295,0.8325825825825826,3.5974969109734736,1.416049726884142,2.55339289825271
vggt_1b,nymeria,radial,raw,1,theta,40.0,50.0,0.0,0.75048828125,38608.0,0.2720414664670227,0.07885545838222621,0.568690426854538,0.5036765271284449,0.14801022044659792,0.9185585499400951
vggt_1b,nymeria,radial,raw,1,theta,40.0,50.0,0.75048828125,1.265625,30393.0,0.14411934020355585,0.046462521493827104,0.8215049517981114,1.0043346066271428,0.14812195874120476,1.216185807437874
vggt_1b,nymeria,radial,raw,1,theta,40.0,50.0,1.265625,1.77734375,29259.0,0.11332051986564597,0.04094663489294946,0.8945623568816432,1.5127974111598141,0.1463862153848559,1.6425529747421281
vggt_1b,nymeria,radial,raw,1,theta,40.0,50.0,1.77734375,2.763671875,23679.0,0.13797841156380924,0.07658155799678602,0.8392668609316272,2.133267643534355,0.2557532908534892,1.8926912568977423
vggt_1b,nymeria,radial,raw,1,theta,40.0,50.0,2.763671875,inf,4203.0,0.2563990193693125,0.6341752485825307,0.5429455151082561,3.890919153729479,2.3996991447624803,2.5494875283878837
vggt_1b,nymeria,radial,raw,1,theta,50.0,55.0,0.0,0.75048828125,23136.0,0.28953635925073284,0.07970444882358944,0.559560857538036,0.48547654791656536,0.14883645256133116,0.865233233939816
vggt_1b,nymeria,radial,raw,1,theta,50.0,55.0,0.75048828125,1.265625,17984.0,0.1673545527963886,0.05371797519173202,0.7702402135231317,1.0112701633222587,0.1527522146572805,1.2774224285316302
vggt_1b,nymeria,radial,raw,1,theta,50.0,55.0,1.265625,1.77734375,13829.0,0.16136657763058548,0.059722466234291366,0.7887048955094367,1.4831002219068623,0.14207156324477105,1.598417875569743
vggt_1b,nymeria,radial,raw,1,theta,50.0,55.0,1.77734375,2.763671875,5796.0,0.19047659003744255,0.12231959839645652,0.6613181504485852,2.0929040165092303,0.24176752183225195,1.6925932178094762
vggt_1b,nymeria,radial,raw,1,theta,50.0,55.0,2.763671875,inf,918.0,0.3402081457753697,0.9803418558041748,0.4106753812636166,3.966292636846405,2.0408843392992195,2.959288557708858
vggt_1b,nymeria,radial,raw,1,theta,55.0,60.0,0.0,0.75048828125,7090.0,0.32550426691927625,0.0913370854099844,0.5036671368124118,0.47126767867374825,0.15376312625763325,0.8589360710436026
vggt_1b,nymeria,radial,raw,1,theta,55.0,60.0,0.75048828125,1.265625,6056.0,0.19755342589232888,0.06741703348654124,0.6948480845442536,1.017562805740175,0.15222319311900373,1.252947554733321
vggt_1b,nymeria,radial,raw,1,theta,55.0,60.0,1.265625,1.77734375,3359.0,0.1944962032044474,0.08239024212200398,0.6891932122655552,1.44852768448571,0.1372874283702512,1.5404353839263927
vggt_1b,nymeria,radial,raw,1,theta,55.0,60.0,1.77734375,2.763671875,1343.0,0.22190303331942168,0.15658757609614585,0.5539836187639613,2.0614405423957556,0.23226307644858868,1.594096740238039
vggt_1b,nymeria,radial,raw,1,theta,55.0,60.0,2.763671875,inf,270.0,0.35532261284347194,1.073526707639183,0.34444444444444444,3.965625,2.473456000262023,2.8180771196283776
vggt_omega,aea,radial,raw,1,theta,0.0,10.0,0.0,0.7978515625,7406.0,0.27980738817716444,0.2165431780725953,0.6890359168241966,0.5577596303356231,0.14339288562725933,0.7006082943193486
vggt_omega,aea,radial,raw,1,theta,0.0,10.0,0.7978515625,1.1259765625,7183.0,0.09418908762714137,0.048242835626781354,0.8812473896700543,0.9469870538511068,0.10045126045635248,1.0058378286178262
vggt_omega,aea,radial,raw,1,theta,0.0,10.0,1.1259765625,1.474609375,8213.0,0.08026606811986246,0.04458478153604863,0.950200901010593,1.2707314718281992,0.09964457744549149,1.1746928886579868
vggt_omega,aea,radial,raw,1,theta,0.0,10.0,1.474609375,2.18359375,5539.0,0.06710351805324491,0.031051604520388503,0.9398808449178552,1.8252369208679364,0.2229979221891674,1.4677725139123508
vggt_omega,aea,radial,raw,1,theta,0.0,10.0,2.18359375,inf,14849.0,0.09247532903963142,0.22553524103260722,0.9080072732170517,3.701365753796552,2.3986566416314057,1.9988250863649517
vggt_omega,aea,radial,raw,1,theta,10.0,20.0,0.0,0.7978515625,16968.0,0.2721027638856005,0.30762746105610855,0.7676214049976426,0.5354331096125796,0.15288458516586645,0.6829541418733438
vggt_omega,aea,radial,raw,1,theta,10.0,20.0,0.7978515625,1.1259765625,16815.0,0.08989593997075002,0.07164988885936277,0.9166815343443354,0.9721738054750223,0.09460863666118999,1.0678083337695456
vggt_omega,aea,radial,raw,1,theta,10.0,20.0,1.1259765625,1.474609375,20224.0,0.0730433607654775,0.03252824477160385,0.9549545094936709,1.2784316630303105,0.09767151654414293,1.1669203216636284
vggt_omega,aea,radial,raw,1,theta,10.0,20.0,1.474609375,2.18359375,17686.0,0.06296237829962004,0.03429911664551373,0.9561234875042406,1.813370270358617,0.2178398678459614,1.4643980635575238
vggt_omega,aea,radial,raw,1,theta,10.0,20.0,2.18359375,inf,35019.0,0.09236867600429456,0.19064359981170548,0.9072789057368857,3.5966328658192697,2.036490505585636,2.0204150816014654
vggt_omega,aea,radial,raw,1,theta,20.0,30.0,0.0,0.7978515625,18365.0,0.2567791195350034,0.225159388532303,0.7866049550775932,0.530507282077406,0.1699021844729646,0.6666405810048348
vggt_omega,aea,radial,raw,1,theta,20.0,30.0,0.7978515625,1.1259765625,19622.0,0.08130683734658241,0.0335898973135822,0.9214657017633269,0.9631607449148277,0.09842012134695417,1.1509342910510052
vggt_omega,aea,radial,raw,1,theta,20.0,30.0,1.1259765625,1.474609375,21574.0,0.06597021380553247,0.026257786440883845,0.9677389450264207,1.2849840139606703,0.0971472863534351,1.3373333494515187
vggt_omega,aea,radial,raw,1,theta,20.0,30.0,1.474609375,2.18359375,27551.0,0.07105749428859101,0.03943517674305306,0.944176254945374,1.8374845953300243,0.21360726353798004,1.4871968552809238
vggt_omega,aea,radial,raw,1,theta,20.0,30.0,2.18359375,inf,38152.0,0.10418143013984318,0.2065491081343885,0.878957852799329,3.349725583684997,1.9053594399342377,1.7958373757706492
vggt_omega,aea,radial,raw,1,theta,30.0,40.0,0.0,0.7978515625,28466.0,0.2680704441816025,0.15760791310829658,0.7445373427949132,0.542632329776367,0.1835312684655269,0.7326621652437608
vggt_omega,aea,radial,raw,1,theta,30.0,40.0,0.7978515625,1.1259765625,26707.0,0.1107305431047374,0.05349600324711258,0.8985659190474408,0.9680027049907328,0.09358010919891775,1.2194580562761173
vggt_omega,aea,radial,raw,1,theta,30.0,40.0,1.1259765625,1.474609375,27305.0,0.08543918220266804,0.03249857192532861,0.9451016297381432,1.2907792185497162,0.09928480679330916,1.3775401706894306
vggt_omega,aea,radial,raw,1,theta,30.0,40.0,1.474609375,2.18359375,41634.0,0.08425816854298555,0.04300723858189784,0.9323869914012586,1.790273621394173,0.1879289918381883,1.241146395589143
vggt_omega,aea,radial,raw,1,theta,30.0,40.0,2.18359375,inf,32582.0,0.08965524400296121,0.14683278110245981,0.9131729175618439,3.0844007523325763,1.5102908348016935,1.7098172532972213
vggt_omega,aea,radial,raw,1,theta,40.0,50.0,0.0,0.7978515625,38824.0,0.2482872766867449,0.10633594578155989,0.7322017308881105,0.5465795272113416,0.17154393281633493,0.8165881237914949
vggt_omega,aea,radial,raw,1,theta,40.0,50.0,0.7978515625,1.1259765625,38082.0,0.12502073391231294,0.0441324234785973,0.8787353605377869,0.966548836536126,0.09497070034220745,1.2572706355115149
vggt_omega,aea,radial,raw,1,theta,40.0,50.0,1.1259765625,1.474609375,44518.0,0.09500278890590555,0.029340304752822902,0.942360393548677,1.295130709067119,0.1001352717036921,1.0503334700753857
vggt_omega,aea,radial,raw,1,theta,40.0,50.0,1.474609375,2.18359375,39816.0,0.08412888809665567,0.03296416111609985,0.9320876029736789,1.731155159436533,0.19739031361889595,1.1835040265736019
vggt_omega,aea,radial,raw,1,theta,40.0,50.0,2.18359375,inf,20054.0,0.11334079460698859,0.2030956431086704,0.8798743392839333,2.955709038720455,1.9524315654165436,1.6421892726901643
vggt_omega,aea,radial,raw,1,theta,50.0,55.0,0.0,0.7978515625,26645.0,0.2682277886406687,0.10725068326354616,0.6822668418089698,0.5690302417344952,0.15886223300925634,0.9335607197837027
vggt_omega,aea,radial,raw,1,theta,50.0,55.0,0.7978515625,1.1259765625,28841.0,0.15933786832187605,0.0502808904170962,0.8479595020977081,0.9744401585687477,0.09467445977744848,1.0977697331477974
vggt_omega,aea,radial,raw,1,theta,50.0,55.0,1.1259765625,1.474609375,20361.0,0.1473796534679468,0.04289935094439642,0.8881194440351653,1.2650920897334366,0.09663601409888262,1.0545095995898892
vggt_omega,aea,radial,raw,1,theta,50.0,55.0,1.474609375,2.18359375,11672.0,0.14485907522516103,0.06260076041888422,0.8660897875257025,1.744504995261095,0.19582862770727907,1.2465441303865914
vggt_omega,aea,radial,raw,1,theta,50.0,55.0,2.18359375,inf,5158.0,0.15779222084806388,0.40493957777173895,0.8293912369135323,3.092590166367778,3.526698731399881,1.5081866181309715
vggt_omega,aea,radial,raw,1,theta,55.0,60.0,0.0,0.7978515625,9931.0,0.2994944499498435,0.09600587406708772,0.6104118417077837,0.5565725466165763,0.16076012874420753,0.9400438796328517
vggt_omega,aea,radial,raw,1,theta,55.0,60.0,0.7978515625,1.1259765625,9499.0,0.19938012342053446,0.06480386961553895,0.7337614485735341,0.9689036448738025,0.08937753993355432,0.9980821708227433
vggt_omega,aea,radial,raw,1,theta,55.0,60.0,1.1259765625,1.474609375,4497.0,0.19771214577034885,0.06914895790100122,0.7576161885701579,1.2734472721397598,0.10443754416020237,1.2097656803171433
vggt_omega,aea,radial,raw,1,theta,55.0,60.0,1.474609375,2.18359375,2763.0,0.1840218754247731,0.0866564283794524,0.7651103872602244,1.7473297395267824,0.19352870975203063,1.1227658842805874
vggt_omega,aea,radial,raw,1,theta,55.0,60.0,2.18359375,inf,1144.0,0.18215301218440574,0.4012757301520314,0.7753496503496503,3.00558279611014,2.425304694906705,1.4736663419380056
vggt_omega,nymeria,radial,raw,1,theta,0.0,10.0,0.0,0.75048828125,2238.0,0.340701486410549,0.6160810268243813,0.8453976764968723,0.5985451051441019,0.12683181648624584,0.6440519348765565
vggt_omega,nymeria,radial,raw,1,theta,0.0,10.0,0.75048828125,1.265625,5063.0,0.12101567427351917,0.0948250251668768,0.9312660477977484,0.9964031330238988,0.13828740176934523,0.9735254623269474
vggt_omega,nymeria,radial,raw,1,theta,0.0,10.0,1.265625,1.77734375,6833.0,0.08037173651459432,0.05316670971425302,0.9351675691497147,1.53483725578077,0.12770354424749408,1.451079486618319
vggt_omega,nymeria,radial,raw,1,theta,0.0,10.0,1.77734375,2.763671875,11404.0,0.08752419379196498,0.05860434864845208,0.92423710978604,2.328121831566775,0.2914950713784841,1.796112013141576
vggt_omega,nymeria,radial,raw,1,theta,0.0,10.0,2.763671875,inf,23098.0,0.0784941460075471,0.1110385277363937,0.932331803619361,3.684933574470733,1.4303858265992027,2.0478139058019793
vggt_omega,nymeria,radial,raw,1,theta,10.0,20.0,0.0,0.75048828125,7867.0,0.22349532037156775,0.26101691723675163,0.8839455955256134,0.5806797095958592,0.1379258485058452,0.6876423735398388
vggt_omega,nymeria,radial,raw,1,theta,10.0,20.0,0.75048828125,1.265625,15303.0,0.09911166699186873,0.06979238829800574,0.9294909494870287,0.9848520816996668,0.152626302848792,0.9930193317877384
vggt_omega,nymeria,radial,raw,1,theta,10.0,20.0,1.265625,1.77734375,19395.0,0.09429039500104386,0.06742301654855658,0.9253931425625161,1.5259471573698118,0.13092920895936952,1.5229156221980042
vggt_omega,nymeria,radial,raw,1,theta,10.0,20.0,1.77734375,2.763671875,22616.0,0.08149595414864483,0.055790344797446934,0.9325698620445703,2.2679398883810133,0.28383380368189115,1.7657200266873934
vggt_omega,nymeria,radial,raw,1,theta,10.0,20.0,2.763671875,inf,42100.0,0.08098152052835077,0.12420834677170552,0.9289548693586699,3.9927971904691213,1.540271201946742,2.0532713980797364
vggt_omega,nymeria,radial,raw,1,theta,20.0,30.0,0.0,0.75048828125,13442.0,0.21420514058291018,0.13916512042175427,0.8007736943907157,0.566372449545966,0.1453233306812366,0.7798171610555659
vggt_omega,nymeria,radial,raw,1,theta,20.0,30.0,0.75048828125,1.265625,20283.0,0.0941261668913692,0.036612614638412526,0.9249617906621308,0.9806946309332323,0.1464835061227791,1.0733415392954295
vggt_omega,nymeria,radial,raw,1,theta,20.0,30.0,1.265625,1.77734375,21592.0,0.06625358690624931,0.030764018551785673,0.9610967024824009,1.5337969231225685,0.13385366710499694,1.489169166311545
vggt_omega,nymeria,radial,raw,1,theta,20.0,30.0,1.77734375,2.763671875,22813.0,0.06797275548676039,0.0373699914403275,0.9512120282295182,2.222163538196423,0.28509905951227005,1.6616573948654305
vggt_omega,nymeria,radial,raw,1,theta,20.0,30.0,2.763671875,inf,32133.0,0.08146911029334358,0.11189257371401741,0.9278000809137025,3.884821544926555,1.2838388958127642,1.988920588709739
vggt_omega,nymeria,radial,raw,1,theta,30.0,40.0,0.0,0.75048828125,25158.0,0.19941769538301882,0.0857683784946842,0.7750616106208761,0.5451046796356402,0.1469473067976239,0.9060694935773764
vggt_omega,nymeria,radial,raw,1,theta,30.0,40.0,0.75048828125,1.265625,23497.0,0.10282393038318466,0.038110931111313105,0.9206707239222028,0.9858540161044494,0.1528674024468168,1.0835643756431446
vggt_omega,nymeria,radial,raw,1,theta,30.0,40.0,1.265625,1.77734375,24333.0,0.06942785801011915,0.028045173556769675,0.9535610076850368,1.535949403523507,0.14597960254115125,1.4589718986719766
vggt_omega,nymeria,radial,raw,1,theta,30.0,40.0,1.77734375,2.763671875,31060.0,0.0737187918379757,0.04136586903279594,0.9477784932388925,2.2110257867836447,0.2891202590874025,1.6514072925788956
vggt_omega,nymeria,radial,raw,1,theta,30.0,40.0,2.763671875,inf,15984.0,0.09741793902702714,0.1401463006819853,0.9075950950950951,3.5974969109734736,1.416049726884142,1.8227900913454094
vggt_omega,nymeria,radial,raw,1,theta,40.0,50.0,0.0,0.75048828125,38912.0,0.18956261135525052,0.04629570046713065,0.7694027549342105,0.5021564772254542,0.14857798387662066,0.9076192973105622
vggt_omega,nymeria,radial,raw,1,theta,40.0,50.0,0.75048828125,1.265625,30404.0,0.10578304628266165,0.028351167134189087,0.9062952243125905,1.0043059616179204,0.14812063521121605,1.1150018148321474
vggt_omega,nymeria,radial,raw,1,theta,40.0,50.0,1.265625,1.77734375,29260.0,0.0830236643874651,0.026063585576046457,0.9463089542036911,1.51280621876068,0.14639146636697703,1.3981072641256242
vggt_omega,nymeria,radial,raw,1,theta,40.0,50.0,1.77734375,2.763671875,23684.0,0.09164808027753217,0.03832976920528321,0.9518662388110116,2.13324981725532,0.25573419154194194,1.4605645926131698
vggt_omega,nymeria,radial,raw,1,theta,40.0,50.0,2.763671875,inf,4203.0,0.1581243974861112,0.3795113739388006,0.8034737092552938,3.890919153729479,2.3996991447624803,1.6502338763134068
vggt_omega,nymeria,radial,raw,1,theta,50.0,55.0,0.0,0.75048828125,23670.0,0.2283520292672588,0.05226816578019784,0.6976763836079426,0.48163492374395994,0.1499511606924834,0.8583152017084393
vggt_omega,nymeria,radial,raw,1,theta,50.0,55.0,0.75048828125,1.265625,18002.0,0.13299470644302816,0.03254229311118491,0.8764581713142984,1.0111948553025358,0.1527398594584329,1.1453628310729944
vggt_omega,nymeria,radial,raw,1,theta,50.0,55.0,1.265625,1.77734375,13830.0,0.13359533346546879,0.042976158261619,0.896529284164859,1.4830854149719812,0.14207709726253476,1.3265482847214594
vggt_omega,nymeria,radial,raw,1,theta,50.0,55.0,1.77734375,2.763671875,5801.0,0.14716810476632666,0.08268099157462161,0.8576107567660748,2.092974776708757,0.24178451258367722,1.2317471357240881
vggt_omega,nymeria,radial,raw,1,theta,50.0,55.0,2.763671875,inf,919.0,0.2125467489442816,0.637133026483494,0.6964091403699674,3.9681527985582155,2.040552137058466,1.8077205629616935
vggt_omega,nymeria,radial,raw,1,theta,55.0,60.0,0.0,0.75048828125,7312.0,0.2709148008571926,0.06375933425502656,0.6275984682713348,0.4665573253673328,0.15473759427134168,0.8563790833132999
vggt_omega,nymeria,radial,raw,1,theta,55.0,60.0,0.75048828125,1.265625,6061.0,0.168136602223998,0.044483805086191944,0.797063190892592,1.0174041128732882,0.15228640343807356,1.0997756234816465
vggt_omega,nymeria,radial,raw,1,theta,55.0,60.0,1.265625,1.77734375,3359.0,0.17733037062440105,0.06548792836993057,0.7832688300089312,1.44852768448571,0.1372874283702512,1.253377656936367
vggt_omega,nymeria,radial,raw,1,theta,55.0,60.0,1.77734375,2.763671875,1343.0,0.18709078105769456,0.11574041065055111,0.7647058823529411,2.0614405423957556,0.23226307644858868,1.1609780065100586
vggt_omega,nymeria,radial,raw,1,theta,55.0,60.0,2.763671875,inf,270.0,0.2246702035426538,0.7579775565064157,0.7111111111111111,3.965625,2.473456000262023,1.7567330911558383
dav2_large,aea,radial,raw,1,theta,0.0,10.0,0.0,0.7978515625,7406.0,0.25091526868389435,0.37013641224355115,0.7646502835538752,0.5577596303356231,0.14339288562725933,0.4305081912383082
dav2_large,aea,radial,raw,1,theta,0.0,10.0,0.7978515625,1.1259765625,7182.0,0.18387632361299217,2.7990472150961203,0.8834586466165414,0.9469739615967001,0.10045212528604705,0.5205648108803932
dav2_large,aea,radial,raw,1,theta,0.0,10.0,1.1259765625,1.474609375,8212.0,0.12123026929673475,0.05772759400462164,0.8936921578178275,1.2707154450042621,0.09964005881160275,0.5593962718081532
dav2_large,aea,radial,raw,1,theta,0.0,10.0,1.474609375,2.18359375,5539.0,0.12325424893872344,0.7683255482818522,0.896010110128182,1.8252369208679364,0.2229979221891674,0.5879788512056198
dav2_large,aea,radial,raw,1,theta,0.0,10.0,2.18359375,inf,14849.0,0.16895361748687165,0.4588692293599622,0.7769546770826318,3.701365753796552,2.3986566416314057,0.533069565995193
dav2_large,aea,radial,raw,1,theta,10.0,20.0,0.0,0.7978515625,16968.0,0.3118083592616922,2.26483526517373,0.8046322489391796,0.5354331096125796,0.15288458516586645,0.38734583226799635
dav2_large,aea,radial,raw,1,theta,10.0,20.0,0.7978515625,1.1259765625,16813.0,0.1373702929475572,1.8444516655489063,0.9166121453637066,0.9721817055626598,0.09461149060231043,0.5956649256289801
dav2_large,aea,radial,raw,1,theta,10.0,20.0,1.1259765625,1.474609375,20220.0,0.16413280382059578,0.10915995212687507,0.8396142433234421,1.278426565590999,0.0976797331262679,0.46415207267775327
dav2_large,aea,radial,raw,1,theta,10.0,20.0,1.474609375,2.18359375,17686.0,0.10070537647688002,0.049234988046738995,0.9108899694673753,1.813370270358617,0.2178398678459614,0.6007444832247865
dav2_large,aea,radial,raw,1,theta,10.0,20.0,2.18359375,inf,35019.0,0.179894708453284,1.2428356328521688,0.7676404237699535,3.5966328658192697,2.036490505585636,0.5338432862386913
dav2_large,aea,radial,raw,1,theta,20.0,30.0,0.0,0.7978515625,18365.0,0.2805442694218426,1.8584422503360585,0.8123604682820582,0.530507282077406,0.1699021844729646,0.4162790521504098
dav2_large,aea,radial,raw,1,theta,20.0,30.0,0.7978515625,1.1259765625,19622.0,0.09983234491752134,0.09591973443002523,0.9163693813066965,0.9631607449148277,0.09842012134695417,0.7075424670850051
dav2_large,aea,radial,raw,1,theta,20.0,30.0,1.1259765625,1.474609375,21574.0,0.10215245322574022,0.054287334433981815,0.9359877630481135,1.2849840139606703,0.0971472863534351,0.7316717404708347
dav2_large,aea,radial,raw,1,theta,20.0,30.0,1.474609375,2.18359375,27551.0,0.1091133931633478,0.0631425469261531,0.8968821458386266,1.8374845953300243,0.21360726353798004,0.5715798634324956
dav2_large,aea,radial,raw,1,theta,20.0,30.0,2.18359375,inf,38152.0,0.1740002515776769,0.5453738456855846,0.7438928496540155,3.349725583684997,1.9053594399342377,0.44346278103611847
dav2_large,aea,radial,raw,1,theta,30.0,40.0,0.0,0.7978515625,28466.0,0.1834374313387187,0.11538879257143685,0.8409330429284059,0.542632329776367,0.1835312684655269,0.5144446598502582
dav2_large,aea,radial,raw,1,theta,30.0,40.0,0.7978515625,1.1259765625,26707.0,0.10277795814254785,0.05363379697757657,0.908750514846295,0.9680027049907328,0.09358010919891775,0.7677636230034234
dav2_large,aea,radial,raw,1,theta,30.0,40.0,1.1259765625,1.474609375,27305.0,0.09669247481045806,0.03873175403627349,0.9265336019044131,1.2907792185497162,0.09928480679330916,0.7823231148896077
dav2_large,aea,radial,raw,1,theta,30.0,40.0,1.474609375,2.18359375,41634.0,0.11111958481910313,0.06189542486185571,0.9077436710380938,1.790273621394173,0.1879289918381883,0.42354690881103835
dav2_large,aea,radial,raw,1,theta,30.0,40.0,2.18359375,inf,32582.0,0.1464682921865558,0.22135194395922883,0.7947332883187036,3.0844007523325763,1.5102908348016935,0.4857795456735572
dav2_large,aea,radial,raw,1,theta,40.0,50.0,0.0,0.7978515625,38835.0,0.1733182594068661,0.08111886674743628,0.8256469679412901,0.5466067124935625,0.17154610809199222,0.5836216428148295
dav2_large,aea,radial,raw,1,theta,40.0,50.0,0.7978515625,1.1259765625,38082.0,0.10572191101019654,0.04106884400025822,0.9060973688356704,0.966548836536126,0.09497070034220745,0.812242009548506
dav2_large,aea,radial,raw,1,theta,40.0,50.0,1.1259765625,1.474609375,44518.0,0.08857388490385598,0.032531436098762224,0.94150680623568,1.295130709067119,0.1001352717036921,0.5487028932580199
dav2_large,aea,radial,raw,1,theta,40.0,50.0,1.474609375,2.18359375,39816.0,0.10354527888057814,0.04326786764953167,0.9312839059674503,1.731155159436533,0.19739031361889595,0.4080610553329534
dav2_large,aea,radial,raw,1,theta,40.0,50.0,2.18359375,inf,20054.0,0.1608358291137183,0.28987445838927545,0.7647352149197167,2.955709038720455,1.9524315654165436,0.5096683117547555
dav2_large,aea,radial,raw,1,theta,50.0,55.0,0.0,0.7978515625,26653.0,0.19588086803710358,0.07078112040513908,0.7977713578208832,0.5690006460342175,0.15885776258367826,0.6591732252583171
dav2_large,aea,radial,raw,1,theta,50.0,55.0,0.7978515625,1.1259765625,28845.0,0.09679892173678938,0.02554581740320997,0.9209221702201421,0.9744405205895735,0.09466898099371245,0.6890860489093561
dav2_large,aea,radial,raw,1,theta,50.0,55.0,1.1259765625,1.474609375,20361.0,0.09167217493533523,0.030278661486032143,0.9253474780217081,1.2650920897334366,0.09663601409888262,0.541128045671448
dav2_large,aea,radial,raw,1,theta,50.0,55.0,1.474609375,2.18359375,11672.0,0.13635532167155223,0.06711311721157964,0.8470699108978753,1.744504995261095,0.19582862770727907,0.45315968957109376
dav2_large,aea,radial,raw,1,theta,50.0,55.0,2.18359375,inf,5158.0,0.2046763508547571,0.585069217206549,0.7186894145017448,3.092590166367778,3.526698731399881,0.4907018919968698
dav2_large,aea,radial,raw,1,theta,55.0,60.0,0.0,0.7978515625,9931.0,0.21969450366580826,0.0708096505132712,0.7531970597120129,0.5565725466165763,0.16076012874420753,0.6617714667716366
dav2_large,aea,radial,raw,1,theta,55.0,60.0,0.7978515625,1.1259765625,9502.0,0.11522439989090229,0.043124727471179916,0.9118080404125447,0.9688975840612503,0.08937739743609566,0.6251319026453861
dav2_large,aea,radial,raw,1,theta,55.0,60.0,1.1259765625,1.474609375,4497.0,0.12475539378701218,0.04460935972094888,0.8663553480097843,1.2734472721397598,0.10443754416020237,0.6510514711170445
dav2_large,aea,radial,raw,1,theta,55.0,60.0,1.474609375,2.18359375,2764.0,0.16157243785968436,0.08129474449234139,0.8002894356005789,1.7473148064399422,0.19349528991425285,0.36230859061905596
dav2_large,aea,radial,raw,1,theta,55.0,60.0,2.18359375,inf,1146.0,0.2530826645982807,0.5811240104483604,0.6003490401396161,3.0043834533158815,2.423357611897336,0.4898947948322422
dav2_large,nymeria,radial,raw,1,theta,0.0,10.0,0.0,0.75048828125,2238.0,0.34060754504778373,0.560149813850419,0.8355674709562109,0.5985451051441019,0.12683181648624584,0.44726596065609103
dav2_large,nymeria,radial,raw,1,theta,0.0,10.0,0.75048828125,1.265625,5063.0,0.15688099977610745,0.10058750503736831,0.8978866284811376,0.9964031330238988,0.13828740176934523,0.6091193882573828
dav2_large,nymeria,radial,raw,1,theta,0.0,10.0,1.265625,1.77734375,6833.0,0.1336978407624105,0.09507753096935287,0.8501390311722523,1.53483725578077,0.12770354424749408,0.6745412593522983
dav2_large,nymeria,radial,raw,1,theta,0.0,10.0,1.77734375,2.763671875,11404.0,0.13463058864432403,0.10257678093296188,0.8744300245527885,2.328121831566775,0.2914950713784841,0.53169774133441
dav2_large,nymeria,radial,raw,1,theta,0.0,10.0,2.763671875,inf,23098.0,0.1292153516584343,0.2164758945004612,0.8153952723179496,3.684933574470733,1.4303858265992027,0.35586430793135526
dav2_large,nymeria,radial,raw,1,theta,10.0,20.0,0.0,0.75048828125,7867.0,0.20898122427806798,0.2039025358469825,0.8840727087835262,0.5806797095958592,0.1379258485058452,0.48901496617952667
dav2_large,nymeria,radial,raw,1,theta,10.0,20.0,0.75048828125,1.265625,15303.0,0.1353845676540552,0.06827641578285497,0.8862968045481279,0.9848520816996668,0.152626302848792,0.6337051458086463
dav2_large,nymeria,radial,raw,1,theta,10.0,20.0,1.265625,1.77734375,19395.0,0.13556363970245386,0.14730599276445078,0.848620778551173,1.5259471573698118,0.13092920895936952,0.6635238714855303
dav2_large,nymeria,radial,raw,1,theta,10.0,20.0,1.77734375,2.763671875,22616.0,0.12754176981371765,0.10492386300713288,0.8812345242306332,2.2679398883810133,0.28383380368189115,0.5128660298168894
dav2_large,nymeria,radial,raw,1,theta,10.0,20.0,2.763671875,inf,42100.0,0.15558037492431273,0.3971180171811121,0.8053206650831354,3.9927971904691213,1.540271201946742,0.30953962500235743
dav2_large,nymeria,radial,raw,1,theta,20.0,30.0,0.0,0.75048828125,13442.0,0.21516356997190886,0.13851654419982337,0.823240589198036,0.566372449545966,0.1453233306812366,0.5165095540452966
dav2_large,nymeria,radial,raw,1,theta,20.0,30.0,0.75048828125,1.265625,20283.0,0.13543016114215617,0.06212753277237158,0.8732436030173051,0.9806946309332323,0.1464835061227791,0.6409257739923108
dav2_large,nymeria,radial,raw,1,theta,20.0,30.0,1.265625,1.77734375,21592.0,0.10692431105214285,0.049098886981220724,0.9172378658762504,1.5337969231225685,0.13385366710499694,0.653811292736886
dav2_large,nymeria,radial,raw,1,theta,20.0,30.0,1.77734375,2.763671875,22813.0,0.11574618042911974,0.06614798389454603,0.8999254810853461,2.222163538196423,0.28509905951227005,0.510630751488933
dav2_large,nymeria,radial,raw,1,theta,20.0,30.0,2.763671875,inf,32133.0,0.15863969939141878,0.24492097275624963,0.7816574860735069,3.884821544926555,1.2838388958127642,0.31851067982307235
dav2_large,nymeria,radial,raw,1,theta,30.0,40.0,0.0,0.75048828125,25159.0,0.17747794716091278,0.06938859636526849,0.8121546961325967,0.5451018485323964,0.1469450725214715,0.5867465565813746
dav2_large,nymeria,radial,raw,1,theta,30.0,40.0,0.75048828125,1.265625,23497.0,0.12800960758219318,0.05385404516523785,0.8625356428480232,0.9858540161044494,0.1528674024468168,0.6124457923557768
dav2_large,nymeria,radial,raw,1,theta,30.0,40.0,1.265625,1.77734375,24333.0,0.11097060911841171,0.050045665362977415,0.8965602268524226,1.535949403523507,0.14597960254115125,0.6077353531793764
dav2_large,nymeria,radial,raw,1,theta,30.0,40.0,1.77734375,2.763671875,31060.0,0.11667877600047859,0.07664547001941976,0.881809401159047,2.2110257867836447,0.2891202590874025,0.5066077681340968
dav2_large,nymeria,radial,raw,1,theta,30.0,40.0,2.763671875,inf,15984.0,0.18045369965574334,0.3035227606884779,0.7342967967967968,3.5974969109734736,1.416049726884142,0.37669557366368034
dav2_large,nymeria,radial,raw,1,theta,40.0,50.0,0.0,0.75048828125,38918.0,0.1441506141976156,0.031622734727245215,0.8417698751220515,0.5021519291663722,0.14856759743292303,0.591510375673341
dav2_large,nymeria,radial,raw,1,theta,40.0,50.0,0.75048828125,1.265625,30404.0,0.12087970066800913,0.038312671274444876,0.8599855282199711,1.0043059616179204,0.14812063521121605,0.6273450418042675
dav2_large,nymeria,radial,raw,1,theta,40.0,50.0,1.265625,1.77734375,29260.0,0.10238944988308464,0.03471507756698879,0.8979835953520164,1.51280621876068,0.14639146636697703,0.6088430667605033
dav2_large,nymeria,radial,raw,1,theta,40.0,50.0,1.77734375,2.763671875,23684.0,0.1267139220403863,0.08049700524738602,0.8498142205708495,2.13324981725532,0.25573419154194194,0.47651141819706794
dav2_large,nymeria,radial,raw,1,theta,40.0,50.0,2.763671875,inf,4203.0,0.30782525856305426,0.8327500659286584,0.42945515108256005,3.890919153729479,2.3996991447624803,0.3788137884757292
dav2_large,nymeria,radial,raw,1,theta,50.0,55.0,0.0,0.75048828125,23673.0,0.16848887533820864,0.03132008911480805,0.8085582731381743,0.48163086731604177,0.1499422668224972,0.5844154010326833
dav2_large,nymeria,radial,raw,1,theta,50.0,55.0,0.75048828125,1.265625,18002.0,0.12404463640332226,0.03538834851408695,0.8634596155982669,1.0111948553025358,0.1527398594584329,0.6442759673039344
dav2_large,nymeria,radial,raw,1,theta,50.0,55.0,1.265625,1.77734375,13830.0,0.11595813581759949,0.03685897142471564,0.897180043383948,1.4830854149719812,0.14207709726253476,0.6145383221844667
dav2_large,nymeria,radial,raw,1,theta,50.0,55.0,1.77734375,2.763671875,5801.0,0.17171741407440355,0.12006187506769116,0.7536631615238752,2.092974776708757,0.24178451258367722,0.4101790127643044
dav2_large,nymeria,radial,raw,1,theta,50.0,55.0,2.763671875,inf,919.0,0.39359215029602135,1.1113706750692602,0.2927094668117519,3.9681527985582155,2.040552137058466,0.6451502757172969
dav2_large,nymeria,radial,raw,1,theta,55.0,60.0,0.0,0.75048828125,7317.0,0.20119628596341682,0.03779488899414887,0.7351373513735138,0.4665992635675055,0.15469986174450148,0.5873751619607469
dav2_large,nymeria,radial,raw,1,theta,55.0,60.0,0.75048828125,1.265625,6061.0,0.1442345436742088,0.03828543468646793,0.8346807457515262,1.0174041128732882,0.15228640343807356,0.6208680549883644
dav2_large,nymeria,radial,raw,1,theta,55.0,60.0,1.265625,1.77734375,3359.0,0.14636941226248684,0.052980918601838095,0.8371539148556117,1.44852768448571,0.1372874283702512,0.5983848273403185
dav2_large,nymeria,radial,raw,1,theta,55.0,60.0,1.77734375,2.763671875,1343.0,0.2141424505220577,0.15570861889348014,0.5986597170513775,2.0614405423957556,0.23226307644858868,0.4126651924760308
dav2_large,nymeria,radial,raw,1,theta,55.0,60.0,2.763671875,inf,270.0,0.4127916110584666,1.2623863011906047,0.26296296296296295,3.965625,2.473456000262023,0.7752421571046937
da3_small,aea,radial,raw,1,theta,0.0,10.0,0.0,0.7978515625,7406.0,0.39901103020696044,0.26679185283051204,0.5955981636510937,0.5577596303356231,0.14339288562725933,0.6875660010592661
da3_small,aea,radial,raw,1,theta,0.0,10.0,0.7978515625,1.1259765625,7183.0,0.15375419739359433,0.08545447868075096,0.8131699846860643,0.9469870538511068,0.10045126045635248,1.06495466826525
da3_small,aea,radial,raw,1,theta,0.0,10.0,1.1259765625,1.474609375,8213.0,0.21829888900680933,0.1624362547425478,0.6676001461098259,1.2707314718281992,0.09964457744549149,1.3227325742982845
da3_small,aea,radial,raw,1,theta,0.0,10.0,1.474609375,2.18359375,5539.0,0.1298582502535581,0.06497778934793533,0.8447373172052717,1.8252369208679364,0.2229979221891674,1.6245360379949396
da3_small,aea,radial,raw,1,theta,0.0,10.0,2.18359375,inf,14849.0,0.13863875915957571,0.33734892903458835,0.8123105933059466,3.701365753796552,2.3986566416314057,2.568526705189938
da3_small,aea,radial,raw,1,theta,10.0,20.0,0.0,0.7978515625,16968.0,0.4292925692798247,0.33134703308210955,0.5189179632248939,0.5354331096125796,0.15288458516586645,0.6509317297808748
da3_small,aea,radial,raw,1,theta,10.0,20.0,0.7978515625,1.1259765625,16815.0,0.17300842931706537,0.11014709033775949,0.7770443056794528,0.9721738054750223,0.09460863666118999,1.0825485579511929
da3_small,aea,radial,raw,1,theta,10.0,20.0,1.1259765625,1.474609375,20224.0,0.20473413326035664,0.13944318892436589,0.7185027689873418,1.2784316630303105,0.09767151654414293,1.28452901238666
da3_small,aea,radial,raw,1,theta,10.0,20.0,1.474609375,2.18359375,17686.0,0.1323533812955489,0.06499849858800356,0.8234761958611331,1.813370270358617,0.2178398678459614,1.6280660918322782
da3_small,aea,radial,raw,1,theta,10.0,20.0,2.18359375,inf,35019.0,0.1433467695069563,0.27033059615399224,0.7985664924755133,3.5966328658192697,2.036490505585636,2.528347356531318
da3_small,aea,radial,raw,1,theta,20.0,30.0,0.0,0.7978515625,18365.0,0.3676608946399764,0.274275217379865,0.599727742989382,0.530507282077406,0.1699021844729646,0.6362071875165254
da3_small,aea,radial,raw,1,theta,20.0,30.0,0.7978515625,1.1259765625,19622.0,0.17216773405465813,0.08298098808407682,0.7669452655182958,0.9631607449148277,0.09842012134695417,1.1321271502611434
da3_small,aea,radial,raw,1,theta,20.0,30.0,1.1259765625,1.474609375,21574.0,0.18392158025458297,0.13234691261773598,0.7988319273199221,1.2849840139606703,0.0971472863534351,1.374019567079958
da3_small,aea,radial,raw,1,theta,20.0,30.0,1.474609375,2.18359375,27551.0,0.13925944214755112,0.08184586600870353,0.8322746905738448,1.8374845953300243,0.21360726353798004,1.6910804898911467
da3_small,aea,radial,raw,1,theta,20.0,30.0,2.18359375,inf,38152.0,0.15215248150408278,0.25645067933482074,0.774402390438247,3.349725583684997,1.9053594399342377,2.369231858572214
da3_small,aea,radial,raw,1,theta,30.0,40.0,0.0,0.7978515625,28466.0,0.37175999052034003,0.2091700116884372,0.6096044403850207,0.542632329776367,0.1835312684655269,0.6794165282045175
da3_small,aea,radial,raw,1,theta,30.0,40.0,0.7978515625,1.1259765625,26707.0,0.21104621769561838,0.11789418377808789,0.6960721908113977,0.9680027049907328,0.09358010919891775,1.1917224908431783
da3_small,aea,radial,raw,1,theta,30.0,40.0,1.1259765625,1.474609375,27305.0,0.17641294784338132,0.09159925809798533,0.7551730452298114,1.2907792185497162,0.09928480679330916,1.4501308560038568
da3_small,aea,radial,raw,1,theta,30.0,40.0,1.474609375,2.18359375,41634.0,0.14535740468556532,0.08373759264597495,0.8030936254023154,1.790273621394173,0.1879289918381883,1.6121736459642584
da3_small,aea,radial,raw,1,theta,30.0,40.0,2.18359375,inf,32577.0,0.15332157765740942,0.22011254514065842,0.7631457776959204,3.0844054926596987,1.5104066359313313,2.3336873494570103
da3_small,aea,radial,raw,1,theta,40.0,50.0,0.0,0.7978515625,38835.0,0.419657522291576,0.21667061444836105,0.49213338483326896,0.5466067124935625,0.17154610809199222,0.7122510573884986
da3_small,aea,radial,raw,1,theta,40.0,50.0,0.7978515625,1.1259765625,38082.0,0.2418443287863681,0.15877401189135848,0.6659051520403341,0.966548836536126,0.09497070034220745,1.2492891535106487
da3_small,aea,radial,raw,1,theta,40.0,50.0,1.1259765625,1.474609375,44518.0,0.1500301452668081,0.0721631557737942,0.7969136079787951,1.295130709067119,0.1001352717036921,1.4055334244181983
da3_small,aea,radial,raw,1,theta,40.0,50.0,1.474609375,2.18359375,39816.0,0.1404465685896359,0.07523360953845026,0.800356640546514,1.731155159436533,0.19739031361889595,1.5689091697643662
da3_small,aea,radial,raw,1,theta,40.0,50.0,2.18359375,inf,20048.0,0.17843175983690882,0.2800515323382199,0.7251596169193935,2.9557078636272944,1.952723450653806,2.300524299651482
da3_small,aea,radial,raw,1,theta,50.0,55.0,0.0,0.7978515625,26639.0,0.5250988700103842,0.3273342427424999,0.38650099478208644,0.5689764580948046,0.15889590590918695,0.7741243724813731
da3_small,aea,radial,raw,1,theta,50.0,55.0,0.7978515625,1.1259765625,28844.0,0.21072086171583387,0.10411827847078015,0.6946331992788795,0.9744403454520437,0.09467061735815457,1.2484401689324558
da3_small,aea,radial,raw,1,theta,50.0,55.0,1.1259765625,1.474609375,20361.0,0.18490341643899694,0.09378911907632438,0.7337557094445263,1.2650920897334366,0.09663601409888262,1.3867060895167562
da3_small,aea,radial,raw,1,theta,50.0,55.0,1.474609375,2.18359375,11672.0,0.21138201730084422,0.15132766004453296,0.6764907470870459,1.744504995261095,0.19582862770727907,1.5652917352410587
da3_small,aea,radial,raw,1,theta,50.0,55.0,2.18359375,inf,5158.0,0.2311153692342776,0.5251175445219995,0.5878247382706475,3.092590166367778,3.526698731399881,2.329682176178647
da3_small,aea,radial,raw,1,theta,55.0,60.0,0.0,0.7978515625,9924.0,0.5827092094328661,0.3705054360270087,0.34925433293027003,0.5565418457129654,0.160812049322274,0.7614869401599279
da3_small,aea,radial,raw,1,theta,55.0,60.0,0.7978515625,1.1259765625,9502.0,0.2335130707129165,0.11405754433584497,0.6543885497789939,0.9688975840612503,0.08937739743609566,1.2162532950559186
da3_small,aea,radial,raw,1,theta,55.0,60.0,1.1259765625,1.474609375,4497.0,0.2549890759586282,0.1618341476252266,0.6206359795419168,1.2734472721397598,0.10443754416020237,1.4083968649608345
da3_small,aea,radial,raw,1,theta,55.0,60.0,1.474609375,2.18359375,2764.0,0.2360235447208279,0.17135440264986732,0.6251808972503617,1.7473148064399422,0.19349528991425285,1.500858385063393
da3_small,aea,radial,raw,1,theta,55.0,60.0,2.18359375,inf,1146.0,0.2749407692224344,0.574906529172635,0.49825479930191974,3.0043834533158815,2.423357611897336,2.3815723593316793
da3_small,nymeria,radial,raw,1,theta,0.0,10.0,0.0,0.75048828125,2238.0,0.42562737448394466,0.6371348805661111,0.6778373547810546,0.5985451051441019,0.12683181648624584,0.6046096290946121
da3_small,nymeria,radial,raw,1,theta,0.0,10.0,0.75048828125,1.265625,5063.0,0.22740099351763868,0.15535404801876462,0.7357298044637567,0.9964031330238988,0.13828740176934523,1.0180865896725928
da3_small,nymeria,radial,raw,1,theta,0.0,10.0,1.265625,1.77734375,6833.0,0.13557863140153378,0.09526545497691088,0.8857017415483682,1.53483725578077,0.12770354424749408,1.575027321071302
da3_small,nymeria,radial,raw,1,theta,0.0,10.0,1.77734375,2.763671875,11404.0,0.1431084757266779,0.124039773223414,0.8239214310768151,2.328121831566775,0.2914950713784841,1.673587160613899
da3_small,nymeria,radial,raw,1,theta,0.0,10.0,2.763671875,inf,23098.0,0.1323209271956764,0.1825499083015853,0.8183825439431985,3.684933574470733,1.4303858265992027,1.9945836748737027
da3_small,nymeria,radial,raw,1,theta,10.0,20.0,0.0,0.75048828125,7867.0,0.41325165266885355,0.3755180010718376,0.6200584720986398,0.5806797095958592,0.1379258485058452,0.6198415884852043
da3_small,nymeria,radial,raw,1,theta,10.0,20.0,0.75048828125,1.265625,15303.0,0.1797061118816846,0.08856485087837725,0.7619421028556492,0.9848520816996668,0.152626302848792,1.0582524486314488
da3_small,nymeria,radial,raw,1,theta,10.0,20.0,1.265625,1.77734375,19395.0,0.16280578938621923,0.09826387222211215,0.8009280742459397,1.5259471573698118,0.13092920895936952,1.5978846994077212
da3_small,nymeria,radial,raw,1,theta,10.0,20.0,1.77734375,2.763671875,22616.0,0.1138057036725308,0.07428144575203491,0.8760169791298196,2.2679398883810133,0.28383380368189115,1.7421697239056722
da3_small,nymeria,radial,raw,1,theta,10.0,20.0,2.763671875,inf,42100.0,0.14516639792537936,0.21495301834172895,0.7846318289786224,3.9927971904691213,1.540271201946742,2.079414619822482
da3_small,nymeria,radial,raw,1,theta,20.0,30.0,0.0,0.75048828125,13442.0,0.4453394853147189,0.25893242223938595,0.48169915191191787,0.566372449545966,0.1453233306812366,0.6513792566821356
da3_small,nymeria,radial,raw,1,theta,20.0,30.0,0.75048828125,1.265625,20283.0,0.18447362128920644,0.08078410665662387,0.7589114036385151,0.9806946309332323,0.1464835061227791,1.0952625257276838
da3_small,nymeria,radial,raw,1,theta,20.0,30.0,1.265625,1.77734375,21592.0,0.13441886706114348,0.057570450372186034,0.8422563912560207,1.5337969231225685,0.13385366710499694,1.6027922023290344
da3_small,nymeria,radial,raw,1,theta,20.0,30.0,1.77734375,2.763671875,22813.0,0.10831415231850791,0.05591334037574392,0.8757725858063385,2.222163538196423,0.28509905951227005,1.821911310189734
da3_small,nymeria,radial,raw,1,theta,20.0,30.0,2.763671875,inf,32133.0,0.12864570655393748,0.16138897764477142,0.819873650141599,3.884821544926555,1.2838388958127642,2.1205696093206536
da3_small,nymeria,radial,raw,1,theta,30.0,40.0,0.0,0.75048828125,25106.0,0.4180185480695498,0.20884222864213864,0.48084123317135347,0.5453011603846566,0.14702277077009368,0.725827720025045
da3_small,nymeria,radial,raw,1,theta,30.0,40.0,0.75048828125,1.265625,23497.0,0.18702994324763395,0.08109911346803927,0.7452015150870324,0.9858540161044494,0.1528674024468168,1.1122647263722651
da3_small,nymeria,radial,raw,1,theta,30.0,40.0,1.265625,1.77734375,24333.0,0.1335286307652973,0.054979124438590654,0.8357785723092097,1.535949403523507,0.14597960254115125,1.5646647258579525
da3_small,nymeria,radial,raw,1,theta,30.0,40.0,1.77734375,2.763671875,31059.0,0.11072302156332545,0.06234332595571799,0.8659647767152838,2.2110089995049744,0.2891097757908026,1.8308949291456762
da3_small,nymeria,radial,raw,1,theta,30.0,40.0,2.763671875,inf,15984.0,0.13167524357820082,0.18980822254186297,0.8235735735735735,3.5974969109734736,1.416049726884142,2.1100086702486687
da3_small,nymeria,radial,raw,1,theta,40.0,50.0,0.0,0.75048828125,38834.0,0.3575246339200273,0.14749196185425353,0.5308750064376577,0.5023370772168879,0.14862092944156527,0.7296479976518644
da3_small,nymeria,radial,raw,1,theta,40.0,50.0,0.75048828125,1.265625,30404.0,0.20130759164392117,0.07418263462763466,0.6626430732798316,1.0043059616179204,0.14812063521121605,1.1601372580368303
da3_small,nymeria,radial,raw,1,theta,40.0,50.0,1.265625,1.77734375,29260.0,0.1441613833319946,0.054924734554653444,0.7831510594668489,1.51280621876068,0.14639146636697703,1.5559774639080368
da3_small,nymeria,radial,raw,1,theta,40.0,50.0,1.77734375,2.763671875,23684.0,0.1306089690959716,0.0785349420081304,0.8337274109103192,2.13324981725532,0.25573419154194194,1.7990573253200035
da3_small,nymeria,radial,raw,1,theta,40.0,50.0,2.763671875,inf,4196.0,0.2240023488807558,0.5171386963002965,0.6079599618684461,3.8890596140669684,2.401170996429992,2.2908826981987453
da3_small,nymeria,radial,raw,1,theta,50.0,55.0,0.0,0.75048828125,23597.0,0.4103073958844309,0.17278444112268568,0.4626011781158622,0.48192731098547353,0.15003932366006753,0.6986923791394846
da3_small,nymeria,radial,raw,1,theta,50.0,55.0,0.75048828125,1.265625,18002.0,0.22480346066964058,0.0856521202221939,0.6163204088434618,1.0111948553025358,0.1527398594584329,1.2072154731362517
da3_small,nymeria,radial,raw,1,theta,50.0,55.0,1.265625,1.77734375,13830.0,0.17092021578122824,0.07127607176856712,0.7297903109182936,1.4830854149719812,0.14207709726253476,1.5462794106836268
da3_small,nymeria,radial,raw,1,theta,50.0,55.0,1.77734375,2.763671875,5801.0,0.17674362526641965,0.10669798825916547,0.6919496638510602,2.092974776708757,0.24178451258367722,1.7316926434212945
da3_small,nymeria,radial,raw,1,theta,50.0,55.0,2.763671875,inf,919.0,0.329380096011629,0.8795296460055726,0.3645266594124048,3.9681527985582155,2.040552137058466,2.7652764941480714
da3_small,nymeria,radial,raw,1,theta,55.0,60.0,0.0,0.75048828125,7295.0,0.4893842935810035,0.2073261646662999,0.3934201507882111,0.46710353168908497,0.15458102361798082,0.6758965578286895
da3_small,nymeria,radial,raw,1,theta,55.0,60.0,0.75048828125,1.265625,6061.0,0.24875240942972643,0.09974072381476067,0.5784524005939614,1.0174041128732882,0.15228640343807356,1.2008678675913493
da3_small,nymeria,radial,raw,1,theta,55.0,60.0,1.265625,1.77734375,3359.0,0.19812379239130679,0.08887776806443239,0.670735337898184,1.44852768448571,0.1372874283702512,1.4973892136044826
da3_small,nymeria,radial,raw,1,theta,55.0,60.0,1.77734375,2.763671875,1343.0,0.20072100986142907,0.12551856621070231,0.6217423678332092,2.0614405423957556,0.23226307644858868,1.6953824980760377
da3_small,nymeria,radial,raw,1,theta,55.0,60.0,2.763671875,inf,270.0,0.39925698481564353,1.1613764704811858,0.18518518518518517,3.965625,2.473456000262023,2.9253860970374785
da3_large,aea,radial,raw,1,theta,0.0,10.0,0.0,0.7978515625,7406.0,0.3173295373212363,0.20957999298935406,0.5580610315960033,0.5577596303356231,0.14339288562725933,0.960198677646595
da3_large,aea,radial,raw,1,theta,0.0,10.0,0.7978515625,1.1259765625,7183.0,0.1422372077236787,0.09335100446679252,0.8254211332312404,0.9469870538511068,0.10045126045635248,1.1113932912038111
da3_large,aea,radial,raw,1,theta,0.0,10.0,1.1259765625,1.474609375,8213.0,0.16008562521594213,0.12729322573157828,0.7906976744186046,1.2707314718281992,0.09964457744549149,1.3346327232580293
da3_large,aea,radial,raw,1,theta,0.0,10.0,1.474609375,2.18359375,5539.0,0.1091614368812178,0.060178193042054705,0.8839140639104531,1.8252369208679364,0.2229979221891674,1.5617631077576535
da3_large,aea,radial,raw,1,theta,0.0,10.0,2.18359375,inf,14849.0,0.11189538245590427,0.25698997893784403,0.8818102229106337,3.701365753796552,2.3986566416314057,2.1861620765703655
da3_large,aea,radial,raw,1,theta,10.0,20.0,0.0,0.7978515625,16968.0,0.33085253191432223,0.3294138552157839,0.6854667609618105,0.5354331096125796,0.15288458516586645,0.8237639832161064
da3_large,aea,radial,raw,1,theta,10.0,20.0,0.7978515625,1.1259765625,16814.0,0.13886167979304628,0.1205585187055613,0.8655882003092661,0.9721785393682348,0.09460945857986217,1.1180230025790618
da3_large,aea,radial,raw,1,theta,10.0,20.0,1.1259765625,1.474609375,20224.0,0.170245856190535,0.14338441312810116,0.7964299841772152,1.2784316630303105,0.09767151654414293,1.274820024954057
da3_large,aea,radial,raw,1,theta,10.0,20.0,1.474609375,2.18359375,17685.0,0.10669031556841226,0.06570011569935184,0.8862312694373763,1.8133841245229008,0.2178382351946035,1.5547730057595925
da3_large,aea,radial,raw,1,theta,10.0,20.0,2.18359375,inf,35015.0,0.12213404198938922,0.22677707960891857,0.8626874196772811,3.596170168142225,2.03582597187109,2.22500038281234
da3_large,aea,radial,raw,1,theta,20.0,30.0,0.0,0.7978515625,18365.0,0.3391684185926881,0.28037183306532226,0.6706234685543153,0.530507282077406,0.1699021844729646,0.7129241151363683
da3_large,aea,radial,raw,1,theta,20.0,30.0,0.7978515625,1.1259765625,19609.0,0.12727833854142798,0.06733076409558462,0.8773522362180631,0.9631611730025116,0.09841940220970859,1.1907607865377632
da3_large,aea,radial,raw,1,theta,20.0,30.0,1.1259765625,1.474609375,21572.0,0.14056342611655262,0.11810665354423053,0.8508251437048026,1.2849691494616864,0.09713952237847241,1.3710219752794008
da3_large,aea,radial,raw,1,theta,20.0,30.0,1.474609375,2.18359375,27551.0,0.11331530684509444,0.077633363363152,0.8799680592355994,1.8374845953300243,0.21360726353798004,1.610454062149549
da3_large,aea,radial,raw,1,theta,20.0,30.0,2.18359375,inf,38147.0,0.1337691653518799,0.23334638867226734,0.8297900228065117,3.3487937083846697,1.9026496335156629,2.0869926096844056
da3_large,aea,radial,raw,1,theta,30.0,40.0,0.0,0.7978515625,28464.0,0.3503238943317005,0.1915778470420442,0.6312535132096684,0.542631414112179,0.18353768368078635,0.7637794918099985
da3_large,aea,radial,raw,1,theta,30.0,40.0,0.7978515625,1.1259765625,26693.0,0.17090740382528546,0.09602104378670902,0.8161315700745514,0.9680307944440022,0.0935768538938538,1.2235897318219084
da3_large,aea,radial,raw,1,theta,30.0,40.0,1.1259765625,1.474609375,27305.0,0.14286638311385058,0.07019779361178355,0.8317158029664896,1.2907792185497162,0.09928480679330916,1.4475425810221834
da3_large,aea,radial,raw,1,theta,30.0,40.0,1.474609375,2.18359375,41634.0,0.11492815534359412,0.062377165820241866,0.8793293942450882,1.790273621394173,0.1879289918381883,1.5141255448252788
da3_large,aea,radial,raw,1,theta,30.0,40.0,2.18359375,inf,32579.0,0.12248729642472506,0.1878314550812076,0.8480309401761871,3.084401629980202,1.5103603636977783,2.0438314329850837
da3_large,aea,radial,raw,1,theta,40.0,50.0,0.0,0.7978515625,38800.0,0.3601424124199365,0.16766343661284244,0.5749226804123712,0.5466463006403028,0.1715405927470751,0.801091956557492
da3_large,aea,radial,raw,1,theta,40.0,50.0,0.7978515625,1.1259765625,38036.0,0.19459056047106396,0.097199038815921,0.7510779261752024,0.9665253009689834,0.09499236395268319,1.2868231848522156
da3_large,aea,radial,raw,1,theta,40.0,50.0,1.1259765625,1.474609375,44516.0,0.12870833960971617,0.050900649290676205,0.8539176925150508,1.2951346013582195,0.10013583723694351,1.3110702705991457
da3_large,aea,radial,raw,1,theta,40.0,50.0,1.474609375,2.18359375,39816.0,0.10902340459273968,0.04896623232983327,0.8814546915812739,1.731155159436533,0.19739031361889595,1.433125522427995
da3_large,aea,radial,raw,1,theta,40.0,50.0,2.18359375,inf,20054.0,0.14341456736180175,0.2528611424740451,0.8101126957215518,2.955709038720455,1.9524315654165436,2.021229730649833
da3_large,aea,radial,raw,1,theta,50.0,55.0,0.0,0.7978515625,26617.0,0.382626432654952,0.18590368561614284,0.5550963669835067,0.5691953252679208,0.15870625264137958,0.8688513062172982
da3_large,aea,radial,raw,1,theta,50.0,55.0,0.7978515625,1.1259765625,28822.0,0.2011962883688848,0.07473689276455567,0.7087294427867601,0.9744534475617583,0.09467681523376041,1.2383377446032309
da3_large,aea,radial,raw,1,theta,50.0,55.0,1.1259765625,1.474609375,20360.0,0.17486248573789964,0.06704864060216241,0.787524557956778,1.2650845330918468,0.09663237149142936,1.2764288931609533
da3_large,aea,radial,raw,1,theta,50.0,55.0,1.474609375,2.18359375,11672.0,0.16578955818237612,0.09229508402476995,0.7859835503769705,1.744504995261095,0.19582862770727907,1.443699992272248
da3_large,aea,radial,raw,1,theta,50.0,55.0,2.18359375,inf,5158.0,0.20893455219589152,0.5063515932862395,0.6843737882900349,3.092590166367778,3.526698731399881,2.0852933914816525
da3_large,aea,radial,raw,1,theta,55.0,60.0,0.0,0.7978515625,9919.0,0.42443895631674355,0.19893907220753446,0.48845649763080956,0.5566415172368844,0.160610941085061,0.8647389243385224
da3_large,aea,radial,raw,1,theta,55.0,60.0,0.7978515625,1.1259765625,9496.0,0.23281709830610547,0.08694231150208775,0.6178390901432183,0.9689400471251053,0.08938578540487463,1.1781652203403699
da3_large,aea,radial,raw,1,theta,55.0,60.0,1.1259765625,1.474609375,4496.0,0.2133718325805901,0.09643556421738873,0.6872775800711743,1.2734209922709074,0.1044342895753855,1.341182787050506
da3_large,aea,radial,raw,1,theta,55.0,60.0,1.474609375,2.18359375,2764.0,0.19097101973257166,0.10951166308494122,0.7268451519536903,1.7473148064399422,0.19349528991425285,1.366719397944138
da3_large,aea,radial,raw,1,theta,55.0,60.0,2.18359375,inf,1146.0,0.2746316647802361,0.5862864251996657,0.5654450261780105,3.0043834533158815,2.423357611897336,2.1393297971792076
da3_large,nymeria,radial,raw,1,theta,0.0,10.0,0.0,0.75048828125,2238.0,0.404098659734859,0.5892951410768363,0.7180518319928507,0.5985451051441019,0.12683181648624584,0.5695494650974746
da3_large,nymeria,radial,raw,1,theta,0.0,10.0,0.75048828125,1.265625,5063.0,0.1738094729174597,0.11584786137624678,0.8413983804068734,0.9964031330238988,0.13828740176934523,0.9835419279622594
da3_large,nymeria,radial,raw,1,theta,0.0,10.0,1.265625,1.77734375,6833.0,0.12478323704143314,0.08516669817179333,0.9083857749158496,1.53483725578077,0.12770354424749408,1.4673815406813244
da3_large,nymeria,radial,raw,1,theta,0.0,10.0,1.77734375,2.763671875,11404.0,0.1241540282934228,0.09114332716978628,0.8743423360224483,2.328121831566775,0.2914950713784841,1.6308202814119759
da3_large,nymeria,radial,raw,1,theta,0.0,10.0,2.763671875,inf,23098.0,0.09858099316197619,0.14354139080040335,0.8836695817819724,3.684933574470733,1.4303858265992027,1.8643328200749563
da3_large,nymeria,radial,raw,1,theta,10.0,20.0,0.0,0.75048828125,7867.0,0.33655846076848495,0.3078294999862089,0.6748442862590568,0.5806797095958592,0.1379258485058452,0.5692936185874296
da3_large,nymeria,radial,raw,1,theta,10.0,20.0,0.75048828125,1.265625,15303.0,0.1522629363337193,0.08253907408253987,0.8562373390838398,0.9848520816996668,0.152626302848792,1.0221914370592584
da3_large,nymeria,radial,raw,1,theta,10.0,20.0,1.265625,1.77734375,19395.0,0.12655262821805846,0.08569125113260413,0.877184841453983,1.5259471573698118,0.13092920895936952,1.4905263562795545
da3_large,nymeria,radial,raw,1,theta,10.0,20.0,1.77734375,2.763671875,22616.0,0.10351161313346402,0.06893911733832363,0.9062610541209764,2.2679398883810133,0.28383380368189115,1.6285064808018397
da3_large,nymeria,radial,raw,1,theta,10.0,20.0,2.763671875,inf,42100.0,0.100436113496829,0.14817225721157531,0.893230403800475,3.9927971904691213,1.540271201946742,1.879936431018669
da3_large,nymeria,radial,raw,1,theta,20.0,30.0,0.0,0.75048828125,13442.0,0.3640232190084907,0.215969414674723,0.560482071120369,0.566372449545966,0.1453233306812366,0.6394273369892911
da3_large,nymeria,radial,raw,1,theta,20.0,30.0,0.75048828125,1.265625,20283.0,0.1673889862023731,0.08276661167315622,0.797416555736331,0.9806946309332323,0.1464835061227791,1.068801951991676
da3_large,nymeria,radial,raw,1,theta,20.0,30.0,1.265625,1.77734375,21592.0,0.10223675514030674,0.04709818504889936,0.9063078918117822,1.5337969231225685,0.13385366710499694,1.5098440568843237
da3_large,nymeria,radial,raw,1,theta,20.0,30.0,1.77734375,2.763671875,22813.0,0.08755934853353547,0.04488484395669902,0.9272783062289046,2.222163538196423,0.28509905951227005,1.671490152149152
da3_large,nymeria,radial,raw,1,theta,20.0,30.0,2.763671875,inf,32133.0,0.095804014192475,0.1228311523287641,0.9064824323903775,3.884821544926555,1.2838388958127642,1.872322167047935
da3_large,nymeria,radial,raw,1,theta,30.0,40.0,0.0,0.75048828125,25155.0,0.3143103135406516,0.1411561699685071,0.5879546809779368,0.5450841744077346,0.1469500639352216,0.7494337904076162
da3_large,nymeria,radial,raw,1,theta,30.0,40.0,0.75048828125,1.265625,23497.0,0.16607746300941556,0.06871196097965919,0.7801847044303528,0.9858540161044494,0.1528674024468168,1.1016718472567928
da3_large,nymeria,radial,raw,1,theta,30.0,40.0,1.265625,1.77734375,24333.0,0.10597190924361456,0.04392491798068656,0.8836559404923355,1.535949403523507,0.14597960254115125,1.492763922533613
da3_large,nymeria,radial,raw,1,theta,30.0,40.0,1.77734375,2.763671875,31060.0,0.09025638269311957,0.04896626570785523,0.9252736638763683,2.2110257867836447,0.2891202590874025,1.688671464685299
da3_large,nymeria,radial,raw,1,theta,30.0,40.0,2.763671875,inf,15984.0,0.10699296538064249,0.16010764922818166,0.8749374374374375,3.5974969109734736,1.416049726884142,1.8700993720027006
da3_large,nymeria,radial,raw,1,theta,40.0,50.0,0.0,0.75048828125,38898.0,0.3029968880542483,0.08932158300516747,0.5725744254203301,0.502239493454837,0.14851385548905824,0.750211437961858
da3_large,nymeria,radial,raw,1,theta,40.0,50.0,0.75048828125,1.265625,30400.0,0.1552831586372142,0.04772954564032695,0.7858223684210527,1.0043272801449423,0.1481172536154941,1.1167884152979644
da3_large,nymeria,radial,raw,1,theta,40.0,50.0,1.265625,1.77734375,29260.0,0.11430599920007421,0.037239108589473324,0.8886192754613808,1.51280621876068,0.14639146636697703,1.4629694154758783
da3_large,nymeria,radial,raw,1,theta,40.0,50.0,1.77734375,2.763671875,23684.0,0.10401282962055838,0.056178994394258906,0.9087991893261274,2.13324981725532,0.25573419154194194,1.6181282334807339
da3_large,nymeria,radial,raw,1,theta,40.0,50.0,2.763671875,inf,4203.0,0.1986115078054313,0.47906971465559894,0.6573875802997858,3.890919153729479,2.3996991447624803,2.05701138611808
da3_large,nymeria,radial,raw,1,theta,50.0,55.0,0.0,0.75048828125,23635.0,0.3603567480043837,0.10480238830166823,0.4748889359001481,0.4817866832780767,0.14992466639454646,0.7048603350514714
da3_large,nymeria,radial,raw,1,theta,50.0,55.0,0.75048828125,1.265625,18002.0,0.1697171912006929,0.051192768719267874,0.7474725030552161,1.0111948553025358,0.1527398594584329,1.1566430667961445
da3_large,nymeria,radial,raw,1,theta,50.0,55.0,1.265625,1.77734375,13830.0,0.14099044591397228,0.047566306878112426,0.8519161243673175,1.4830854149719812,0.14207709726253476,1.430046726024772
da3_large,nymeria,radial,raw,1,theta,50.0,55.0,1.77734375,2.763671875,5801.0,0.14973332077803211,0.08541509365660235,0.81244612997759,2.092974776708757,0.24178451258367722,1.5637128480604299
da3_large,nymeria,radial,raw,1,theta,50.0,55.0,2.763671875,inf,919.0,0.3113360862458131,0.8571489364368658,0.48313384113166485,3.9681527985582155,2.040552137058466,2.539307029578326
da3_large,nymeria,radial,raw,1,theta,55.0,60.0,0.0,0.75048828125,7300.0,0.42661236945322695,0.1300526125748256,0.3841095890410959,0.4666049905019264,0.15479333083917504,0.6825225532530368
da3_large,nymeria,radial,raw,1,theta,55.0,60.0,0.75048828125,1.265625,6061.0,0.20458803346359822,0.07129447329323697,0.6670516416432932,1.0174041128732882,0.15228640343807356,1.1489027715297206
da3_large,nymeria,radial,raw,1,theta,55.0,60.0,1.265625,1.77734375,3359.0,0.17297023684649268,0.06273922494965431,0.7668949091991664,1.44852768448571,0.1372874283702512,1.38181918093494
da3_large,nymeria,radial,raw,1,theta,55.0,60.0,1.77734375,2.763671875,1343.0,0.16337676251785188,0.09500004577401347,0.7840655249441548,2.0614405423957556,0.23226307644858868,1.580957999858106
da3_large,nymeria,radial,raw,1,theta,55.0,60.0,2.763671875,inf,270.0,0.3497847330127811,1.0894887948978313,0.3888888888888889,3.965625,2.473456000262023,2.5576673275133275
