digest,model,family,size,params_m,align,input_size,dataset,baseline,context,context_stride,AbsRel,delta1,delta2,RMSE,log10,coverage,gt_median,n_frames,n_points_total
61195914f090,vggt_1b,VGGT,1B,1190.596120,scale_shift,518.000000,aea,raw,1.000000,10.000000,0.198587,0.761151,0.901897,0.726794,0.079310,1.000000,1.402200,200.000000,724894.000000
61195914f090,vggt_1b,VGGT,1B,1190.596120,scale_shift,518.000000,aea,raw,3.000000,10.000000,0.204778,0.747527,0.902559,0.729913,0.082502,1.000000,1.402200,200.000000,724894.000000
61195914f090,vggt_1b,VGGT,1B,1190.596120,scale_shift,518.000000,aea,raw,5.000000,10.000000,0.206694,0.735447,0.904068,0.732346,0.083666,1.000000,1.402200,200.000000,724894.000000
61195914f090,vggt_1b,VGGT,1B,1190.596120,scale_shift,518.000000,aea,raw,10.000000,10.000000,0.216032,0.716293,0.894668,0.738937,0.087202,1.000000,1.402200,200.000000,724894.000000
61195914f090,vggt_1b,VGGT,1B,1190.596120,scale_shift,518.000000,aea,rect_derect,1.000000,10.000000,0.157655,0.833731,0.923897,0.685833,0.063028,0.987502,1.402200,200.000000,724894.000000
61195914f090,vggt_1b,VGGT,1B,1190.596120,scale_shift,518.000000,aea,rect_derect,3.000000,10.000000,0.157104,0.828471,0.925913,0.685384,0.063145,0.987502,1.402200,200.000000,724894.000000
61195914f090,vggt_1b,VGGT,1B,1190.596120,scale_shift,518.000000,aea,rect_derect,5.000000,10.000000,0.159504,0.825978,0.922956,0.686840,0.063943,0.987502,1.402200,200.000000,724894.000000
61195914f090,vggt_1b,VGGT,1B,1190.596120,scale_shift,518.000000,aea,rect_derect,10.000000,10.000000,0.161142,0.820393,0.922636,0.688323,0.064629,0.987502,1.402200,200.000000,724894.000000
61195914f090,vggt_1b,VGGT,1B,1190.596120,scale_shift,518.000000,nymeria,raw,1.000000,10.000000,0.143927,0.826949,0.937412,0.500793,0.063204,1.000000,1.576302,200.000000,587563.000000
61195914f090,vggt_1b,VGGT,1B,1190.596120,scale_shift,518.000000,nymeria,raw,3.000000,10.000000,0.154472,0.813923,0.929524,0.511177,0.067882,1.000000,1.576302,200.000000,587563.000000
61195914f090,vggt_1b,VGGT,1B,1190.596120,scale_shift,518.000000,nymeria,raw,5.000000,10.000000,0.153633,0.820375,0.930737,0.510778,0.067423,1.000000,1.576302,200.000000,587563.000000
61195914f090,vggt_1b,VGGT,1B,1190.596120,scale_shift,518.000000,nymeria,raw,10.000000,10.000000,0.156174,0.812566,0.927931,0.514187,0.068436,1.000000,1.576302,200.000000,587563.000000
61195914f090,vggt_1b,VGGT,1B,1190.596120,scale_shift,518.000000,nymeria,rect_derect,1.000000,10.000000,0.131276,0.863767,0.949196,0.502764,0.052869,0.989563,1.576302,200.000000,587563.000000
61195914f090,vggt_1b,VGGT,1B,1190.596120,scale_shift,518.000000,nymeria,rect_derect,3.000000,10.000000,0.126248,0.871256,0.951531,0.499963,0.051780,0.989563,1.576302,200.000000,587563.000000
61195914f090,vggt_1b,VGGT,1B,1190.596120,scale_shift,518.000000,nymeria,rect_derect,5.000000,10.000000,0.125446,0.871518,0.947587,0.500734,0.051669,0.989563,1.576302,200.000000,587563.000000
61195914f090,vggt_1b,VGGT,1B,1190.596120,scale_shift,518.000000,nymeria,rect_derect,10.000000,10.000000,0.125368,0.868897,0.951327,0.500102,0.051911,0.989563,1.576302,200.000000,587563.000000
61195914f090,vggt_omega,VGGT-Omega,1B/512,1143.814185,scale_shift,512.000000,aea,raw,1.000000,10.000000,0.151266,0.846247,0.938134,0.662258,0.060562,1.000000,1.402214,200.000000,724887.000000
61195914f090,vggt_omega,VGGT-Omega,1B/512,1143.814185,scale_shift,512.000000,aea,raw,3.000000,10.000000,0.152404,0.843032,0.936386,0.666338,0.061116,1.000000,1.402214,200.000000,724887.000000
61195914f090,vggt_omega,VGGT-Omega,1B/512,1143.814185,scale_shift,512.000000,aea,raw,5.000000,10.000000,0.150742,0.845291,0.938007,0.665357,0.060370,1.000000,1.402214,200.000000,724887.000000
61195914f090,vggt_omega,VGGT-Omega,1B/512,1143.814185,scale_shift,512.000000,aea,raw,10.000000,10.000000,0.149894,0.849654,0.937634,0.665087,0.060227,1.000000,1.402214,200.000000,724887.000000
61195914f090,vggt_omega,VGGT-Omega,1B/512,1143.814185,scale_shift,512.000000,aea,rect_derect,1.000000,10.000000,0.148061,0.855419,0.933103,0.666567,0.057494,0.987492,1.402214,200.000000,724887.000000
61195914f090,vggt_omega,VGGT-Omega,1B/512,1143.814185,scale_shift,512.000000,aea,rect_derect,3.000000,10.000000,0.141910,0.863550,0.935680,0.666698,0.055021,0.987492,1.402214,200.000000,724887.000000
61195914f090,vggt_omega,VGGT-Omega,1B/512,1143.814185,scale_shift,512.000000,aea,rect_derect,5.000000,10.000000,0.140214,0.864607,0.936434,0.665909,0.054358,0.987492,1.402214,200.000000,724887.000000
61195914f090,vggt_omega,VGGT-Omega,1B/512,1143.814185,scale_shift,512.000000,aea,rect_derect,10.000000,10.000000,0.138158,0.867175,0.936491,0.664159,0.053554,0.987492,1.402214,200.000000,724887.000000
61195914f090,vggt_omega,VGGT-Omega,1B/512,1143.814185,scale_shift,512.000000,nymeria,raw,1.000000,10.000000,0.120623,0.883548,0.961391,0.466891,0.049089,1.000000,1.576315,200.000000,587559.000000
61195914f090,vggt_omega,VGGT-Omega,1B/512,1143.814185,scale_shift,512.000000,nymeria,raw,3.000000,10.000000,0.122173,0.881207,0.964369,0.469116,0.050023,1.000000,1.576315,200.000000,587559.000000
61195914f090,vggt_omega,VGGT-Omega,1B/512,1143.814185,scale_shift,512.000000,nymeria,raw,5.000000,10.000000,0.120344,0.885685,0.966057,0.468942,0.049387,1.000000,1.576315,200.000000,587559.000000
61195914f090,vggt_omega,VGGT-Omega,1B/512,1143.814185,scale_shift,512.000000,nymeria,raw,10.000000,10.000000,0.116856,0.893585,0.967353,0.467314,0.047946,1.000000,1.576315,200.000000,587559.000000
61195914f090,vggt_omega,VGGT-Omega,1B/512,1143.814185,scale_shift,512.000000,nymeria,rect_derect,1.000000,10.000000,0.125433,0.870211,0.957273,0.485158,0.049819,0.989554,1.576315,200.000000,587559.000000
61195914f090,vggt_omega,VGGT-Omega,1B/512,1143.814185,scale_shift,512.000000,nymeria,rect_derect,3.000000,10.000000,0.119786,0.882225,0.958391,0.484802,0.047369,0.989554,1.576315,200.000000,587559.000000
61195914f090,vggt_omega,VGGT-Omega,1B/512,1143.814185,scale_shift,512.000000,nymeria,rect_derect,5.000000,10.000000,0.119223,0.882527,0.958509,0.484665,0.047191,0.989554,1.576315,200.000000,587559.000000
61195914f090,vggt_omega,VGGT-Omega,1B/512,1143.814185,scale_shift,512.000000,nymeria,rect_derect,10.000000,10.000000,0.118260,0.884852,0.958418,0.482156,0.046595,0.989554,1.576315,200.000000,587559.000000
61195914f090,da3_small,Depth-Anything-3,Small,34.299463,scale_shift,518.000000,aea,raw,1.000000,10.000000,0.239628,0.688400,0.877604,0.756025,0.091896,1.000000,1.402200,200.000000,724894.000000
61195914f090,da3_small,Depth-Anything-3,Small,34.299463,scale_shift,518.000000,aea,raw,3.000000,10.000000,0.240325,0.699091,0.870919,0.749204,0.092707,1.000000,1.402200,200.000000,724894.000000
61195914f090,da3_small,Depth-Anything-3,Small,34.299463,scale_shift,518.000000,aea,raw,5.000000,10.000000,0.239444,0.705307,0.872999,0.744554,0.092274,1.000000,1.402200,200.000000,724894.000000
61195914f090,da3_small,Depth-Anything-3,Small,34.299463,scale_shift,518.000000,aea,raw,10.000000,10.000000,0.239764,0.706145,0.873792,0.742608,0.092440,1.000000,1.402200,200.000000,724894.000000
61195914f090,da3_small,Depth-Anything-3,Small,34.299463,scale_shift,518.000000,aea,rect_derect,1.000000,10.000000,0.234486,0.694305,0.874725,0.757017,0.090115,0.987502,1.402200,200.000000,724894.000000
61195914f090,da3_small,Depth-Anything-3,Small,34.299463,scale_shift,518.000000,aea,rect_derect,3.000000,10.000000,0.228952,0.722215,0.882124,0.738691,0.087436,0.987502,1.402200,200.000000,724894.000000
61195914f090,da3_small,Depth-Anything-3,Small,34.299463,scale_shift,518.000000,aea,rect_derect,5.000000,10.000000,0.226830,0.727911,0.885196,0.736636,0.086719,0.987502,1.402200,200.000000,724894.000000
61195914f090,da3_small,Depth-Anything-3,Small,34.299463,scale_shift,518.000000,aea,rect_derect,10.000000,10.000000,0.227913,0.727030,0.879782,0.736050,0.087165,0.987502,1.402200,200.000000,724894.000000
61195914f090,da3_small,Depth-Anything-3,Small,34.299463,scale_shift,518.000000,nymeria,raw,1.000000,10.000000,0.205071,0.721917,0.914536,0.561366,0.080417,1.000000,1.576302,200.000000,587563.000000
61195914f090,da3_small,Depth-Anything-3,Small,34.299463,scale_shift,518.000000,nymeria,raw,3.000000,10.000000,0.197417,0.738776,0.916286,0.559650,0.077935,1.000000,1.576302,200.000000,587563.000000
61195914f090,da3_small,Depth-Anything-3,Small,34.299463,scale_shift,518.000000,nymeria,raw,5.000000,10.000000,0.193162,0.746341,0.920147,0.556147,0.076455,1.000000,1.576302,200.000000,587563.000000
61195914f090,da3_small,Depth-Anything-3,Small,34.299463,scale_shift,518.000000,nymeria,raw,10.000000,10.000000,0.191562,0.750293,0.918828,0.554150,0.076147,1.000000,1.576302,200.000000,587563.000000
61195914f090,da3_small,Depth-Anything-3,Small,34.299463,scale_shift,518.000000,nymeria,rect_derect,1.000000,10.000000,0.207776,0.714409,0.904701,0.567852,0.082218,0.989563,1.576302,200.000000,587563.000000
61195914f090,da3_small,Depth-Anything-3,Small,34.299463,scale_shift,518.000000,nymeria,rect_derect,3.000000,10.000000,0.196891,0.732811,0.912438,0.565072,0.078480,0.989563,1.576302,200.000000,587563.000000
61195914f090,da3_small,Depth-Anything-3,Small,34.299463,scale_shift,518.000000,nymeria,rect_derect,5.000000,10.000000,0.194754,0.736538,0.914815,0.562289,0.077561,0.989563,1.576302,200.000000,587563.000000
61195914f090,da3_small,Depth-Anything-3,Small,34.299463,scale_shift,518.000000,nymeria,rect_derect,10.000000,10.000000,0.191859,0.744575,0.916683,0.556802,0.076261,0.989563,1.576302,200.000000,587563.000000
61195914f090,da3_large,Depth-Anything-3,Large,410.941767,scale_shift,518.000000,aea,raw,1.000000,10.000000,0.206869,0.753668,0.898583,0.717560,0.080566,1.000000,1.402200,200.000000,724894.000000
61195914f090,da3_large,Depth-Anything-3,Large,410.941767,scale_shift,518.000000,aea,raw,3.000000,10.000000,0.204818,0.762384,0.895379,0.715965,0.080668,1.000000,1.402200,200.000000,724894.000000
61195914f090,da3_large,Depth-Anything-3,Large,410.941767,scale_shift,518.000000,aea,raw,5.000000,10.000000,0.202793,0.767960,0.896151,0.715218,0.079982,1.000000,1.402200,200.000000,724894.000000
61195914f090,da3_large,Depth-Anything-3,Large,410.941767,scale_shift,518.000000,aea,raw,10.000000,10.000000,0.200572,0.773378,0.897976,0.711378,0.079216,1.000000,1.402200,200.000000,724894.000000
61195914f090,da3_large,Depth-Anything-3,Large,410.941767,scale_shift,518.000000,aea,rect_derect,1.000000,10.000000,0.194097,0.778386,0.905285,0.712437,0.074890,0.987502,1.402200,200.000000,724894.000000
61195914f090,da3_large,Depth-Anything-3,Large,410.941767,scale_shift,518.000000,aea,rect_derect,3.000000,10.000000,0.197239,0.783719,0.901542,0.710570,0.076021,0.987502,1.402200,200.000000,724894.000000
61195914f090,da3_large,Depth-Anything-3,Large,410.941767,scale_shift,518.000000,aea,rect_derect,5.000000,10.000000,0.195010,0.787251,0.899896,0.710662,0.075663,0.987502,1.402200,200.000000,724894.000000
61195914f090,da3_large,Depth-Anything-3,Large,410.941767,scale_shift,518.000000,aea,rect_derect,10.000000,10.000000,0.192210,0.790556,0.899229,0.707874,0.074633,0.987502,1.402200,200.000000,724894.000000
61195914f090,da3_large,Depth-Anything-3,Large,410.941767,scale_shift,518.000000,nymeria,raw,1.000000,10.000000,0.172215,0.790335,0.930827,0.516848,0.068018,1.000000,1.576302,200.000000,587563.000000
61195914f090,da3_large,Depth-Anything-3,Large,410.941767,scale_shift,518.000000,nymeria,raw,3.000000,10.000000,0.160631,0.808901,0.940655,0.514972,0.064284,1.000000,1.576302,200.000000,587563.000000
61195914f090,da3_large,Depth-Anything-3,Large,410.941767,scale_shift,518.000000,nymeria,raw,5.000000,10.000000,0.159611,0.809407,0.939871,0.514653,0.064620,1.000000,1.576302,200.000000,587563.000000
61195914f090,da3_large,Depth-Anything-3,Large,410.941767,scale_shift,518.000000,nymeria,raw,10.000000,10.000000,0.153696,0.823353,0.943215,0.510332,0.062115,1.000000,1.576302,200.000000,587563.000000
61195914f090,da3_large,Depth-Anything-3,Large,410.941767,scale_shift,518.000000,nymeria,rect_derect,1.000000,10.000000,0.164122,0.804519,0.933167,0.516575,0.064309,0.989563,1.576302,200.000000,587563.000000
61195914f090,da3_large,Depth-Anything-3,Large,410.941767,scale_shift,518.000000,nymeria,rect_derect,3.000000,10.000000,0.152943,0.824020,0.938179,0.512292,0.060282,0.989563,1.576302,200.000000,587563.000000
61195914f090,da3_large,Depth-Anything-3,Large,410.941767,scale_shift,518.000000,nymeria,rect_derect,5.000000,10.000000,0.149848,0.827943,0.942094,0.508471,0.059165,0.989563,1.576302,200.000000,587563.000000
61195914f090,da3_large,Depth-Anything-3,Large,410.941767,scale_shift,518.000000,nymeria,rect_derect,10.000000,10.000000,0.142087,0.845468,0.945548,0.504251,0.056279,0.989563,1.576302,200.000000,587563.000000
