digest,model,family,size,params_m,align,protocol,stream,view,cell,theta_lo,theta_hi,tilt,n_frames,n_px_mean,AbsRel,SqRel,RMSE,RMSElog,log10,delta1,delta2,delta3,scale_ratio,raw_scale_ratio,pen,drift
2ab412af0ccc,vggt_1b,VGGT,1B,1190.60,scale_shift,radial,real,fisheye,0-10,0.0,10.0,,25,4945,0.091033,0.065567,0.417602,0.154397,0.041429,0.926099,0.953731,0.980870,0.969110,2.633128,1.7476,1.1850
2ab412af0ccc,vggt_1b,VGGT,1B,1190.60,scale_shift,radial,real,fisheye,10-20,10.0,20.0,,25,16023,0.088981,0.057244,0.406642,0.147786,0.039423,0.924223,0.960994,0.988132,0.979560,2.612438,1.7476,1.1850
2ab412af0ccc,vggt_1b,VGGT,1B,1190.60,scale_shift,radial,real,fisheye,20-30,20.0,30.0,,25,29948,0.084906,0.037476,0.321303,0.131614,0.037061,0.926606,0.979993,0.994020,0.984516,2.549404,1.7476,1.1850
2ab412af0ccc,vggt_1b,VGGT,1B,1190.60,scale_shift,radial,real,fisheye,30-40,30.0,40.0,,25,47587,0.096435,0.039596,0.300509,0.156731,0.042744,0.899644,0.972124,0.987558,0.982967,2.450519,1.7476,1.1850
2ab412af0ccc,vggt_1b,VGGT,1B,1190.60,scale_shift,radial,real,fisheye,40-50,40.0,50.0,,25,67828,0.128649,0.068697,0.352612,0.239194,0.060051,0.849232,0.928204,0.972664,0.975997,2.343553,1.7476,1.1850
2ab412af0ccc,vggt_1b,VGGT,1B,1190.60,scale_shift,radial,real,fisheye,50-55,50.0,55.0,,25,36245,0.159086,0.093979,0.371822,0.284776,0.072916,0.832349,0.909700,0.955374,0.954343,2.221957,1.7476,1.1850
2ab412af0ccc,vggt_1b,VGGT,1B,1190.60,scale_shift,radial,real,rect,0-10,0.0,10.0,,25,7927,0.087654,0.060741,0.391857,0.146971,0.039388,0.925934,0.951931,0.983272,0.963629,2.741914,1.1673,1.0339
2ab412af0ccc,vggt_1b,VGGT,1B,1190.60,scale_shift,radial,real,rect,10-20,10.0,20.0,,25,25858,0.085843,0.053847,0.391776,0.143386,0.037664,0.922191,0.956703,0.989780,0.967708,2.727963,1.1673,1.0339
2ab412af0ccc,vggt_1b,VGGT,1B,1190.60,scale_shift,radial,real,rect,20-30,20.0,30.0,,25,51190,0.077629,0.034067,0.302907,0.124316,0.033443,0.931740,0.979238,0.995086,0.976082,2.684385,1.1673,1.0339
2ab412af0ccc,vggt_1b,VGGT,1B,1190.60,scale_shift,radial,real,rect,30-40,30.0,40.0,,25,94545,0.079446,0.030220,0.268675,0.133060,0.034567,0.930120,0.976535,0.992668,0.982747,2.638867,1.1673,1.0339
2ab412af0ccc,vggt_1b,VGGT,1B,1190.60,scale_shift,radial,real,rect,40-50,40.0,50.0,,25,85819,0.087605,0.036694,0.271519,0.159768,0.039177,0.901250,0.963786,0.985236,1.001473,2.624747,1.1673,1.0339
2ab412af0ccc,vggt_1b,VGGT,1B,1190.60,scale_shift,radial,real,rect,50-55,50.0,55.0,,25,2940,0.102314,0.040771,0.226222,0.166556,0.049427,0.856381,0.937129,0.977755,1.040782,2.652015,1.1673,1.0339
2ab412af0ccc,vggt_1b,VGGT,1B,1190.60,scale_shift,radial,synthetic,fisheye,0-10,0.0,10.0,,25,4945,0.077697,0.038906,0.335650,0.121218,0.034594,0.958948,0.978694,0.992380,0.965900,2.705562,1.8506,1.1593
2ab412af0ccc,vggt_1b,VGGT,1B,1190.60,scale_shift,radial,synthetic,fisheye,10-20,10.0,20.0,,25,16023,0.077733,0.037463,0.333314,0.120766,0.034297,0.954691,0.984392,0.994021,0.975707,2.688745,1.8506,1.1593
2ab412af0ccc,vggt_1b,VGGT,1B,1190.60,scale_shift,radial,synthetic,fisheye,20-30,20.0,30.0,,25,29948,0.080388,0.032576,0.298111,0.122511,0.035522,0.936343,0.983894,0.996151,0.991677,2.643229,1.8506,1.1593
2ab412af0ccc,vggt_1b,VGGT,1B,1190.60,scale_shift,radial,synthetic,fisheye,30-40,30.0,40.0,,25,47587,0.094995,0.039727,0.298280,0.155128,0.042594,0.895616,0.967488,0.987739,0.989224,2.556883,1.8506,1.1593
2ab412af0ccc,vggt_1b,VGGT,1B,1190.60,scale_shift,radial,synthetic,fisheye,40-50,40.0,50.0,,25,67828,0.118262,0.057007,0.321079,0.190319,0.053475,0.846735,0.936266,0.976028,0.976534,2.445258,1.8506,1.1593
2ab412af0ccc,vggt_1b,VGGT,1B,1190.60,scale_shift,radial,synthetic,fisheye,50-55,50.0,55.0,,25,36245,0.143786,0.069714,0.335718,0.224177,0.064469,0.836509,0.913212,0.957289,0.962526,2.333861,1.8506,1.1593
2ab412af0ccc,vggt_1b,VGGT,1B,1190.60,scale_shift,radial,synthetic,rect,0-10,0.0,10.0,,25,7927,0.066018,0.036917,0.318694,0.117362,0.030722,0.954576,0.973438,0.988606,0.966765,2.703651,1.2489,1.0230
2ab412af0ccc,vggt_1b,VGGT,1B,1190.60,scale_shift,radial,synthetic,rect,10-20,10.0,20.0,,25,25858,0.061991,0.034719,0.323072,0.115203,0.028180,0.960550,0.979988,0.991358,0.972395,2.696492,1.2489,1.0230
2ab412af0ccc,vggt_1b,VGGT,1B,1190.60,scale_shift,radial,synthetic,rect,20-30,20.0,30.0,,25,51190,0.060591,0.026389,0.279008,0.105936,0.026771,0.964278,0.984793,0.995745,0.983592,2.664190,1.2489,1.0230
2ab412af0ccc,vggt_1b,VGGT,1B,1190.60,scale_shift,radial,synthetic,rect,30-40,30.0,40.0,,25,94545,0.069215,0.028172,0.267896,0.120318,0.030111,0.949724,0.978751,0.991851,0.988113,2.631236,1.2489,1.0230
2ab412af0ccc,vggt_1b,VGGT,1B,1190.60,scale_shift,radial,synthetic,rect,40-50,40.0,50.0,,25,85819,0.075495,0.030849,0.247982,0.129788,0.032407,0.931812,0.975675,0.985175,0.998392,2.613993,1.2489,1.0230
2ab412af0ccc,vggt_1b,VGGT,1B,1190.60,scale_shift,radial,synthetic,rect,50-55,50.0,55.0,,25,2940,0.082448,0.023631,0.152350,0.137618,0.037361,0.897864,0.953850,0.983524,1.020513,2.642955,1.2489,1.0230
2ab412af0ccc,vggt_1b,VGGT,1B,1190.60,scale_shift,window,real,fisheye,tilt0,,,0.0,25,0,0.069307,0.035901,0.311655,0.118573,0.030708,0.936484,0.979206,0.992269,0.976126,2.865262,1.4554,0.9537
2ab412af0ccc,vggt_1b,VGGT,1B,1190.60,scale_shift,window,real,fisheye,tilt10,,,10.0,100,0,0.069732,0.035529,0.306392,0.120816,0.030771,0.939404,0.975870,0.991481,0.978351,2.850831,1.4554,0.9537
2ab412af0ccc,vggt_1b,VGGT,1B,1190.60,scale_shift,window,real,fisheye,tilt20,,,20.0,100,0,0.081150,0.042609,0.323402,0.131489,0.035170,0.926466,0.974219,0.989820,0.984025,2.905688,1.4554,0.9537
2ab412af0ccc,vggt_1b,VGGT,1B,1190.60,scale_shift,window,real,fisheye,tilt30,,,30.0,100,0,0.092924,0.054078,0.356641,0.137947,0.039746,0.908093,0.969436,0.988942,0.979707,2.949806,1.4554,0.9537
2ab412af0ccc,vggt_1b,VGGT,1B,1190.60,scale_shift,window,real,fisheye,tilt40,,,40.0,100,0,0.100866,0.067221,0.391261,0.143932,0.042611,0.896657,0.962420,0.988301,0.980134,3.004391,1.4554,0.9537
2ab412af0ccc,vggt_1b,VGGT,1B,1190.60,scale_shift,window,real,rect,tilt0,,,0.0,25,0,0.073240,0.037909,0.317808,0.122045,0.032348,0.932169,0.977148,0.992004,0.974690,2.853007,1.3120,0.9598
2ab412af0ccc,vggt_1b,VGGT,1B,1190.60,scale_shift,window,real,rect,tilt10,,,10.0,100,0,0.072269,0.039435,0.310572,0.126220,0.031811,0.935643,0.971174,0.989722,0.977749,2.847108,1.3120,0.9598
2ab412af0ccc,vggt_1b,VGGT,1B,1190.60,scale_shift,window,real,rect,tilt20,,,20.0,100,0,0.071044,0.038753,0.297731,0.122179,0.030853,0.929704,0.970059,0.989898,0.980223,2.881016,1.3120,0.9598
2ab412af0ccc,vggt_1b,VGGT,1B,1190.60,scale_shift,window,real,rect,tilt30,,,30.0,100,0,0.072056,0.042645,0.305060,0.119335,0.031070,0.918707,0.971879,0.990882,0.978755,2.921227,1.3120,0.9598
2ab412af0ccc,vggt_1b,VGGT,1B,1190.60,scale_shift,window,real,rect,tilt40,,,40.0,100,0,0.096088,0.077777,0.385140,0.137512,0.039886,0.882201,0.960015,0.987336,0.979360,2.972379,1.3120,0.9598
2ab412af0ccc,vggt_1b,VGGT,1B,1190.60,scale_shift,window,synthetic,fisheye,tilt0,,,0.0,25,0,0.056597,0.026197,0.274109,0.103552,0.025283,0.962075,0.984585,0.994281,0.978977,2.869533,2.0481,0.9675
2ab412af0ccc,vggt_1b,VGGT,1B,1190.60,scale_shift,window,synthetic,fisheye,tilt10,,,10.0,100,0,0.061413,0.028949,0.284279,0.109427,0.027155,0.952590,0.981840,0.994148,0.981391,2.867978,2.0481,0.9675
2ab412af0ccc,vggt_1b,VGGT,1B,1190.60,scale_shift,window,synthetic,fisheye,tilt20,,,20.0,100,0,0.072306,0.035392,0.313367,0.120748,0.031868,0.947345,0.981287,0.992799,0.982307,2.884192,2.0481,0.9675
2ab412af0ccc,vggt_1b,VGGT,1B,1190.60,scale_shift,window,synthetic,fisheye,tilt30,,,30.0,100,0,0.080487,0.043906,0.339426,0.125083,0.034915,0.937987,0.981267,0.992959,0.986537,2.912902,2.0481,0.9675
2ab412af0ccc,vggt_1b,VGGT,1B,1190.60,scale_shift,window,synthetic,fisheye,tilt40,,,40.0,100,0,0.115918,0.091502,0.456406,0.154664,0.048741,0.862182,0.965804,0.989544,0.976500,2.965965,2.0481,0.9675
2ab412af0ccc,vggt_1b,VGGT,1B,1190.60,scale_shift,window,synthetic,rect,tilt0,,,0.0,25,0,0.056776,0.025767,0.268622,0.102277,0.025297,0.963019,0.984944,0.994500,0.979755,2.875413,2.2356,0.9791
2ab412af0ccc,vggt_1b,VGGT,1B,1190.60,scale_shift,window,synthetic,rect,tilt10,,,10.0,100,0,0.058414,0.028018,0.272817,0.106899,0.025806,0.952113,0.982443,0.994334,0.981687,2.872677,2.2356,0.9791
2ab412af0ccc,vggt_1b,VGGT,1B,1190.60,scale_shift,window,synthetic,rect,tilt20,,,20.0,100,0,0.063687,0.032270,0.284765,0.113181,0.027887,0.943730,0.979793,0.992826,0.982137,2.891914,2.2356,0.9791
2ab412af0ccc,vggt_1b,VGGT,1B,1190.60,scale_shift,window,synthetic,rect,tilt30,,,30.0,100,0,0.065051,0.034031,0.291100,0.111565,0.028451,0.940978,0.980743,0.993318,0.982176,2.935083,2.2356,0.9791
2ab412af0ccc,vggt_1b,VGGT,1B,1190.60,scale_shift,window,synthetic,rect,tilt40,,,40.0,100,0,0.126931,0.096093,0.448466,0.164796,0.051962,0.840106,0.956297,0.982577,0.977522,2.936689,2.2356,0.9791
2ab412af0ccc,vggt_omega,VGGT-Omega,1B/512,1143.81,scale_shift,radial,real,fisheye,0-10,0.0,10.0,,25,4825,0.063748,0.041940,0.331947,0.124581,0.030515,0.947388,0.971395,0.985114,1.021409,2.135582,1.6639,1.1490
2ab412af0ccc,vggt_omega,VGGT-Omega,1B/512,1143.81,scale_shift,radial,real,fisheye,10-20,10.0,20.0,,25,15659,0.059726,0.030867,0.308408,0.114782,0.027962,0.955956,0.979602,0.992593,1.023142,2.135618,1.6639,1.1490
2ab412af0ccc,vggt_omega,VGGT-Omega,1B/512,1143.81,scale_shift,radial,real,fisheye,20-30,20.0,30.0,,25,29272,0.051595,0.020426,0.246166,0.099834,0.023399,0.965561,0.987518,0.995475,1.017164,2.100769,1.6639,1.1490
2ab412af0ccc,vggt_omega,VGGT-Omega,1B/512,1143.81,scale_shift,radial,real,fisheye,30-40,30.0,40.0,,25,46485,0.054441,0.018848,0.217116,0.107730,0.024108,0.960278,0.979447,0.994230,1.004128,2.047532,1.6639,1.1490
2ab412af0ccc,vggt_omega,VGGT-Omega,1B/512,1143.81,scale_shift,radial,real,fisheye,40-50,40.0,50.0,,25,66253,0.072788,0.026118,0.223004,0.143089,0.031794,0.944891,0.967399,0.987516,0.979288,1.965300,1.6639,1.1490
2ab412af0ccc,vggt_omega,VGGT-Omega,1B/512,1143.81,scale_shift,radial,real,fisheye,50-55,50.0,55.0,,25,35411,0.106070,0.036679,0.264561,0.184540,0.046861,0.934926,0.964511,0.981677,0.938725,1.858589,1.6639,1.1490
2ab412af0ccc,vggt_omega,VGGT-Omega,1B/512,1143.81,scale_shift,radial,real,rect,0-10,0.0,10.0,,25,7746,0.056386,0.037496,0.308263,0.118833,0.026592,0.944043,0.975182,0.987565,1.000441,2.270545,0.9569,0.9984
2ab412af0ccc,vggt_omega,VGGT-Omega,1B/512,1143.81,scale_shift,radial,real,rect,10-20,10.0,20.0,,25,25249,0.055040,0.030007,0.299937,0.113730,0.025397,0.951384,0.979337,0.992299,0.998011,2.268924,0.9569,0.9984
2ab412af0ccc,vggt_omega,VGGT-Omega,1B/512,1143.81,scale_shift,radial,real,rect,20-30,20.0,30.0,,25,50028,0.047652,0.019165,0.230496,0.096069,0.021035,0.965014,0.986841,0.996307,0.992847,2.267378,0.9569,0.9984
2ab412af0ccc,vggt_omega,VGGT-Omega,1B/512,1143.81,scale_shift,radial,real,rect,30-40,30.0,40.0,,25,92343,0.053762,0.019294,0.204490,0.106044,0.022653,0.960000,0.977530,0.994388,0.989335,2.265963,0.9569,0.9984
2ab412af0ccc,vggt_omega,VGGT-Omega,1B/512,1143.81,scale_shift,radial,real,rect,40-50,40.0,50.0,,25,83860,0.060560,0.023523,0.189387,0.115191,0.024274,0.953577,0.970473,0.987763,0.990953,2.273465,0.9569,0.9984
2ab412af0ccc,vggt_omega,VGGT-Omega,1B/512,1143.81,scale_shift,radial,real,rect,50-55,50.0,55.0,,25,2874,0.053958,0.017564,0.116516,0.078690,0.021795,0.961253,0.986541,0.987961,0.992864,2.274250,0.9569,0.9984
2ab412af0ccc,vggt_omega,VGGT-Omega,1B/512,1143.81,scale_shift,radial,synthetic,fisheye,0-10,0.0,10.0,,25,4825,0.055567,0.035411,0.305276,0.106785,0.025852,0.949659,0.980363,0.992532,1.014814,2.456081,1.8800,1.1426
2ab412af0ccc,vggt_omega,VGGT-Omega,1B/512,1143.81,scale_shift,radial,synthetic,fisheye,10-20,10.0,20.0,,25,15659,0.050117,0.026491,0.283181,0.100467,0.022966,0.959326,0.985080,0.995566,1.013857,2.447537,1.8800,1.1426
2ab412af0ccc,vggt_omega,VGGT-Omega,1B/512,1143.81,scale_shift,radial,synthetic,fisheye,20-30,20.0,30.0,,25,29272,0.050923,0.022837,0.257647,0.098166,0.022926,0.963458,0.985384,0.995797,1.016955,2.415661,1.8800,1.1426
2ab412af0ccc,vggt_omega,VGGT-Omega,1B/512,1143.81,scale_shift,radial,synthetic,fisheye,30-40,30.0,40.0,,25,46485,0.054432,0.023365,0.238412,0.107943,0.023795,0.962567,0.979102,0.991345,1.006283,2.355878,1.8800,1.1426
2ab412af0ccc,vggt_omega,VGGT-Omega,1B/512,1143.81,scale_shift,radial,synthetic,fisheye,40-50,40.0,50.0,,25,66253,0.068521,0.025201,0.215165,0.112274,0.028303,0.958209,0.978430,0.986649,0.982148,2.260533,1.8800,1.1426
2ab412af0ccc,vggt_omega,VGGT-Omega,1B/512,1143.81,scale_shift,radial,synthetic,fisheye,50-55,50.0,55.0,,25,35411,0.104468,0.041831,0.277434,0.211366,0.046565,0.944089,0.970495,0.978421,0.944823,2.149617,1.8800,1.1426
2ab412af0ccc,vggt_omega,VGGT-Omega,1B/512,1143.81,scale_shift,radial,synthetic,rect,0-10,0.0,10.0,,25,7746,0.043152,0.023526,0.232496,0.084424,0.019211,0.970359,0.986641,0.994810,0.996079,2.537111,1.4461,1.0030
2ab412af0ccc,vggt_omega,VGGT-Omega,1B/512,1143.81,scale_shift,radial,synthetic,rect,10-20,10.0,20.0,,25,25249,0.040867,0.020427,0.234340,0.085794,0.018004,0.973607,0.988950,0.995962,0.993634,2.531295,1.4461,1.0030
2ab412af0ccc,vggt_omega,VGGT-Omega,1B/512,1143.81,scale_shift,radial,synthetic,rect,20-30,20.0,30.0,,25,50028,0.041527,0.019282,0.221956,0.085926,0.017921,0.970403,0.986242,0.995877,0.995793,2.524379,1.4461,1.0030
2ab412af0ccc,vggt_omega,VGGT-Omega,1B/512,1143.81,scale_shift,radial,synthetic,rect,30-40,30.0,40.0,,25,92343,0.049242,0.022717,0.218941,0.101701,0.020328,0.962624,0.980350,0.990221,0.996444,2.519142,1.4461,1.0030
2ab412af0ccc,vggt_omega,VGGT-Omega,1B/512,1143.81,scale_shift,radial,synthetic,rect,40-50,40.0,50.0,,25,83860,0.056248,0.024157,0.191781,0.104323,0.022500,0.958369,0.977337,0.986423,0.999614,2.520336,1.4461,1.0030
2ab412af0ccc,vggt_omega,VGGT-Omega,1B/512,1143.81,scale_shift,radial,synthetic,rect,50-55,50.0,55.0,,25,2874,0.062401,0.021398,0.122333,0.094470,0.024549,0.945511,0.979374,0.988142,1.004777,2.529456,1.4461,1.0030
2ab412af0ccc,vggt_omega,VGGT-Omega,1B/512,1143.81,scale_shift,window,real,fisheye,tilt0,,,0.0,25,0,0.068258,0.032720,0.293508,0.122528,0.030330,0.952833,0.978930,0.992085,0.988965,2.420554,1.2045,0.8429
2ab412af0ccc,vggt_omega,VGGT-Omega,1B/512,1143.81,scale_shift,window,real,fisheye,tilt10,,,10.0,100,0,0.069952,0.034970,0.296103,0.120063,0.030218,0.942088,0.978001,0.991688,0.988723,2.527319,1.2045,0.8429
2ab412af0ccc,vggt_omega,VGGT-Omega,1B/512,1143.81,scale_shift,window,real,fisheye,tilt20,,,20.0,100,0,0.075549,0.036744,0.294686,0.123494,0.032284,0.940418,0.975354,0.992559,0.992171,2.664968,1.2045,0.8429
2ab412af0ccc,vggt_omega,VGGT-Omega,1B/512,1143.81,scale_shift,window,real,fisheye,tilt30,,,30.0,100,0,0.082010,0.041411,0.310137,0.126213,0.034659,0.934576,0.976844,0.990601,0.992602,2.724126,1.2045,0.8429
2ab412af0ccc,vggt_omega,VGGT-Omega,1B/512,1143.81,scale_shift,window,real,fisheye,tilt40,,,40.0,100,0,0.082220,0.044333,0.322841,0.126078,0.034641,0.929368,0.976800,0.991050,0.991109,2.871858,1.2045,0.8429
2ab412af0ccc,vggt_omega,VGGT-Omega,1B/512,1143.81,scale_shift,window,real,rect,tilt0,,,0.0,25,0,0.065781,0.030197,0.291015,0.111494,0.028799,0.949725,0.984649,0.993943,0.987320,2.467110,1.2032,0.9296
2ab412af0ccc,vggt_omega,VGGT-Omega,1B/512,1143.81,scale_shift,window,real,rect,tilt10,,,10.0,100,0,0.067046,0.033970,0.291772,0.117245,0.029029,0.946853,0.977765,0.991812,0.986749,2.476543,1.2032,0.9296
2ab412af0ccc,vggt_omega,VGGT-Omega,1B/512,1143.81,scale_shift,window,real,rect,tilt20,,,20.0,100,0,0.063342,0.030935,0.277774,0.111045,0.027401,0.944075,0.979776,0.993705,0.989724,2.582885,1.2032,0.9296
2ab412af0ccc,vggt_omega,VGGT-Omega,1B/512,1143.81,scale_shift,window,real,rect,tilt30,,,30.0,100,0,0.068702,0.035752,0.276535,0.115951,0.029091,0.928191,0.972966,0.992252,0.988075,2.699355,1.2032,0.9296
2ab412af0ccc,vggt_omega,VGGT-Omega,1B/512,1143.81,scale_shift,window,real,rect,tilt40,,,40.0,100,0,0.079148,0.056639,0.343686,0.147819,0.034261,0.910612,0.966350,0.987502,0.979531,2.653952,1.2032,0.9296
2ab412af0ccc,vggt_omega,VGGT-Omega,1B/512,1143.81,scale_shift,window,synthetic,fisheye,tilt0,,,0.0,25,0,0.053497,0.024363,0.260097,0.098445,0.023497,0.959430,0.986711,0.996033,0.987877,2.873810,1.4770,0.9156
2ab412af0ccc,vggt_omega,VGGT-Omega,1B/512,1143.81,scale_shift,window,synthetic,fisheye,tilt10,,,10.0,100,0,0.059068,0.027767,0.272062,0.105077,0.025734,0.953303,0.983555,0.995286,0.986192,2.996183,1.4770,0.9156
2ab412af0ccc,vggt_omega,VGGT-Omega,1B/512,1143.81,scale_shift,window,synthetic,fisheye,tilt20,,,20.0,100,0,0.065289,0.030859,0.283139,0.111153,0.028188,0.954095,0.981946,0.993632,0.989330,3.010612,1.4770,0.9156
2ab412af0ccc,vggt_omega,VGGT-Omega,1B/512,1143.81,scale_shift,window,synthetic,fisheye,tilt30,,,30.0,100,0,0.070291,0.033580,0.295304,0.113507,0.030135,0.949070,0.984653,0.994392,0.991681,3.067997,1.4770,0.9156
2ab412af0ccc,vggt_omega,VGGT-Omega,1B/512,1143.81,scale_shift,window,synthetic,fisheye,tilt40,,,40.0,100,0,0.079018,0.041662,0.326303,0.126066,0.033819,0.932877,0.981040,0.993377,0.991331,3.138752,1.4770,0.9156
2ab412af0ccc,vggt_omega,VGGT-Omega,1B/512,1143.81,scale_shift,window,synthetic,rect,tilt0,,,0.0,25,0,0.059099,0.027030,0.277264,0.105741,0.026068,0.955744,0.985120,0.995201,0.984486,2.955955,1.2179,0.9614
2ab412af0ccc,vggt_omega,VGGT-Omega,1B/512,1143.81,scale_shift,window,synthetic,rect,tilt10,,,10.0,100,0,0.057953,0.028173,0.274679,0.105836,0.025452,0.955280,0.982947,0.994393,0.982694,3.013300,1.2179,0.9614
2ab412af0ccc,vggt_omega,VGGT-Omega,1B/512,1143.81,scale_shift,window,synthetic,rect,tilt20,,,20.0,100,0,0.057049,0.028307,0.271268,0.106208,0.024951,0.956838,0.982055,0.994338,0.985001,3.006394,1.2179,0.9614
2ab412af0ccc,vggt_omega,VGGT-Omega,1B/512,1143.81,scale_shift,window,synthetic,rect,tilt30,,,30.0,100,0,0.055989,0.029694,0.266095,0.102983,0.024196,0.952031,0.984576,0.994474,0.988270,3.037701,1.2179,0.9614
2ab412af0ccc,vggt_omega,VGGT-Omega,1B/512,1143.81,scale_shift,window,synthetic,rect,tilt40,,,40.0,100,0,0.071979,0.045184,0.334356,0.140050,0.031656,0.930047,0.977510,0.990820,0.982130,3.074577,1.2179,0.9614
2ab412af0ccc,dav2_large,Depth-Anything-V2,Large,335.32,disparity_scale_shift,radial,real,fisheye,0-10,0.0,10.0,,25,4945,0.089520,0.057073,0.383515,0.134093,0.040266,0.926989,0.981865,0.988320,1.037288,0.752986,1.1165,0.7713
2ab412af0ccc,dav2_large,Depth-Anything-V2,Large,335.32,disparity_scale_shift,radial,real,fisheye,10-20,10.0,20.0,,25,16023,0.083795,0.051898,0.387997,0.123836,0.037428,0.948423,0.984978,0.993332,1.039719,0.788674,1.1165,0.7713
2ab412af0ccc,dav2_large,Depth-Anything-V2,Large,335.32,disparity_scale_shift,radial,real,fisheye,20-30,20.0,30.0,,25,29948,0.082018,0.053412,0.390670,0.116151,0.035713,0.947160,0.986258,0.996780,1.029251,0.852303,1.1165,0.7713
2ab412af0ccc,dav2_large,Depth-Anything-V2,Large,335.32,disparity_scale_shift,radial,real,fisheye,30-40,30.0,40.0,,25,47587,0.084899,0.054630,0.388149,0.118578,0.035895,0.942687,0.983646,0.996352,1.013835,0.900232,1.1165,0.7713
2ab412af0ccc,dav2_large,Depth-Anything-V2,Large,335.32,disparity_scale_shift,radial,real,fisheye,40-50,40.0,50.0,,25,67828,0.088290,0.049186,0.363463,0.127017,0.037521,0.920254,0.982595,0.993931,0.993129,0.962665,1.1165,0.7713
2ab412af0ccc,dav2_large,Depth-Anything-V2,Large,335.32,disparity_scale_shift,radial,real,fisheye,50-55,50.0,55.0,,25,36245,0.099946,0.044234,0.336568,0.142521,0.042737,0.902573,0.982752,0.990485,0.966070,0.976300,1.1165,0.7713
2ab412af0ccc,dav2_large,Depth-Anything-V2,Large,335.32,disparity_scale_shift,radial,real,rect,0-10,0.0,10.0,,25,7927,0.067002,0.045375,0.338859,0.116309,0.029702,0.951654,0.980719,0.987960,1.012298,1.269146,1.0483,0.6903
2ab412af0ccc,dav2_large,Depth-Anything-V2,Large,335.32,disparity_scale_shift,radial,real,rect,10-20,10.0,20.0,,25,25858,0.059732,0.045677,0.349694,0.107106,0.025918,0.959914,0.985503,0.993066,1.007865,1.347769,1.0483,0.6903
2ab412af0ccc,dav2_large,Depth-Anything-V2,Large,335.32,disparity_scale_shift,radial,real,rect,20-30,20.0,30.0,,25,51190,0.059457,0.037740,0.326600,0.097937,0.025304,0.967706,0.990080,0.996568,1.001460,1.484270,1.0483,0.6903
2ab412af0ccc,dav2_large,Depth-Anything-V2,Large,335.32,disparity_scale_shift,radial,real,rect,30-40,30.0,40.0,,25,94545,0.064518,0.032758,0.301556,0.102522,0.027078,0.964312,0.990572,0.995502,0.997256,1.630672,1.0483,0.6903
2ab412af0ccc,dav2_large,Depth-Anything-V2,Large,335.32,disparity_scale_shift,radial,real,rect,40-50,40.0,50.0,,25,85819,0.069907,0.033425,0.285208,0.104259,0.029647,0.949934,0.990748,0.995829,1.007448,1.780880,1.0483,0.6903
2ab412af0ccc,dav2_large,Depth-Anything-V2,Large,335.32,disparity_scale_shift,radial,real,rect,50-55,50.0,55.0,,25,2940,0.070238,0.031343,0.234086,0.089048,0.030317,0.951143,0.997687,0.999279,1.013180,1.838553,1.0483,0.6903
2ab412af0ccc,dav2_large,Depth-Anything-V2,Large,335.32,disparity_scale_shift,radial,synthetic,fisheye,0-10,0.0,10.0,,25,4945,0.088712,0.043120,0.334065,0.117742,0.039459,0.955066,0.988530,0.995705,1.059246,1.216614,1.3403,0.8681
2ab412af0ccc,dav2_large,Depth-Anything-V2,Large,335.32,disparity_scale_shift,radial,synthetic,fisheye,10-20,10.0,20.0,,25,16023,0.085015,0.044516,0.353661,0.117728,0.037612,0.960458,0.988792,0.995961,1.059089,1.273664,1.3403,0.8681
2ab412af0ccc,dav2_large,Depth-Anything-V2,Large,335.32,disparity_scale_shift,radial,synthetic,fisheye,20-30,20.0,30.0,,25,29948,0.084732,0.046090,0.353322,0.117931,0.036918,0.958458,0.987389,0.994947,1.044816,1.350338,1.3403,0.8681
2ab412af0ccc,dav2_large,Depth-Anything-V2,Large,335.32,disparity_scale_shift,radial,synthetic,fisheye,30-40,30.0,40.0,,25,47587,0.088191,0.051708,0.357326,0.126352,0.037237,0.942398,0.982871,0.993625,1.018515,1.385753,1.3403,0.8681
2ab412af0ccc,dav2_large,Depth-Anything-V2,Large,335.32,disparity_scale_shift,radial,synthetic,fisheye,40-50,40.0,50.0,,25,67828,0.096193,0.056838,0.386015,0.136063,0.039644,0.919344,0.984650,0.992347,0.990332,1.425250,1.3403,0.8681
2ab412af0ccc,dav2_large,Depth-Anything-V2,Large,335.32,disparity_scale_shift,radial,synthetic,fisheye,50-55,50.0,55.0,,25,36245,0.118897,0.069499,0.425126,0.153340,0.047928,0.885177,0.984276,0.992818,0.954239,1.401512,1.3403,0.8681
2ab412af0ccc,dav2_large,Depth-Anything-V2,Large,335.32,disparity_scale_shift,radial,synthetic,rect,0-10,0.0,10.0,,25,7927,0.058396,0.042188,0.297482,0.093219,0.024959,0.958204,0.987289,0.995686,1.016674,1.219452,1.3881,0.6780
2ab412af0ccc,dav2_large,Depth-Anything-V2,Large,335.32,disparity_scale_shift,radial,synthetic,rect,10-20,10.0,20.0,,25,25858,0.056868,0.049293,0.335876,0.098218,0.024016,0.964130,0.983913,0.995749,1.014039,1.313578,1.3881,0.6780
2ab412af0ccc,dav2_large,Depth-Anything-V2,Large,335.32,disparity_scale_shift,radial,synthetic,rect,20-30,20.0,30.0,,25,51190,0.060065,0.041484,0.321761,0.099882,0.025401,0.962782,0.985799,0.995779,1.007607,1.462618,1.3881,0.6780
2ab412af0ccc,dav2_large,Depth-Anything-V2,Large,335.32,disparity_scale_shift,radial,synthetic,rect,30-40,30.0,40.0,,25,94545,0.069368,0.034544,0.301152,0.111651,0.029325,0.951700,0.987511,0.994034,1.000141,1.594043,1.3881,0.6780
2ab412af0ccc,dav2_large,Depth-Anything-V2,Large,335.32,disparity_scale_shift,radial,synthetic,rect,40-50,40.0,50.0,,25,85819,0.076853,0.034689,0.292404,0.114378,0.032976,0.937959,0.987795,0.994764,1.008278,1.758423,1.3881,0.6780
2ab412af0ccc,dav2_large,Depth-Anything-V2,Large,335.32,disparity_scale_shift,radial,synthetic,rect,50-55,50.0,55.0,,25,2940,0.081060,0.032178,0.234870,0.109918,0.034786,0.925905,0.985333,0.995156,1.019782,1.798534,1.3881,0.6780
2ab412af0ccc,dav2_large,Depth-Anything-V2,Large,335.32,disparity_scale_shift,window,real,fisheye,tilt0,,,0.0,25,0,0.071704,0.165613,0.472958,0.117873,0.029215,0.936913,0.969867,0.987599,0.999001,2.066028,1.3990,1.1021
2ab412af0ccc,dav2_large,Depth-Anything-V2,Large,335.32,disparity_scale_shift,window,real,fisheye,tilt10,,,10.0,100,0,0.067308,0.079256,0.364786,0.110970,0.028603,0.945850,0.978194,0.992341,0.997852,2.106360,1.3990,1.1021
2ab412af0ccc,dav2_large,Depth-Anything-V2,Large,335.32,disparity_scale_shift,window,real,fisheye,tilt20,,,20.0,100,0,0.079988,0.076610,0.396823,0.118742,0.034216,0.936461,0.979745,0.993010,1.001910,2.226720,1.3990,1.1021
2ab412af0ccc,dav2_large,Depth-Anything-V2,Large,335.32,disparity_scale_shift,window,real,fisheye,tilt30,,,30.0,100,0,0.109281,0.409028,0.610006,0.144122,0.044875,0.904340,0.971859,0.987186,1.006480,2.335074,1.3990,1.1021
2ab412af0ccc,dav2_large,Depth-Anything-V2,Large,335.32,disparity_scale_shift,window,real,fisheye,tilt40,,,40.0,100,0,0.100315,0.112998,0.446665,0.135764,0.042848,0.907948,0.971069,0.987683,1.005569,1.874655,1.3990,1.1021
2ab412af0ccc,dav2_large,Depth-Anything-V2,Large,335.32,disparity_scale_shift,window,real,rect,tilt0,,,0.0,25,0,0.071933,0.183816,0.474132,0.117262,0.029214,0.937866,0.969515,0.987355,0.997252,2.057780,1.0531,1.7429
2ab412af0ccc,dav2_large,Depth-Anything-V2,Large,335.32,disparity_scale_shift,window,real,rect,tilt10,,,10.0,100,0,0.061826,0.075903,0.349276,0.108264,0.026205,0.946633,0.976763,0.991464,0.997278,2.122089,1.0531,1.7429
2ab412af0ccc,dav2_large,Depth-Anything-V2,Large,335.32,disparity_scale_shift,window,real,rect,tilt20,,,20.0,100,0,0.062801,0.069128,0.339681,0.106070,0.026799,0.950130,0.980935,0.992669,1.003163,2.241511,1.0531,1.7429
2ab412af0ccc,dav2_large,Depth-Anything-V2,Large,335.32,disparity_scale_shift,window,real,rect,tilt30,,,30.0,100,0,0.073540,0.149435,0.405873,0.113702,0.030811,0.933470,0.974903,0.989564,1.003320,2.374468,1.0531,1.7429
2ab412af0ccc,dav2_large,Depth-Anything-V2,Large,335.32,disparity_scale_shift,window,real,rect,tilt40,,,40.0,100,0,0.075754,0.067102,0.361761,0.115218,0.032818,0.927084,0.971571,0.991820,0.999839,1.180659,1.0531,1.7429
2ab412af0ccc,dav2_large,Depth-Anything-V2,Large,335.32,disparity_scale_shift,window,synthetic,fisheye,tilt0,,,0.0,25,0,0.056670,0.084108,0.361776,0.097357,0.023463,0.961511,0.987583,0.995163,1.003317,2.033199,1.5012,1.0213
2ab412af0ccc,dav2_large,Depth-Anything-V2,Large,335.32,disparity_scale_shift,window,synthetic,fisheye,tilt10,,,10.0,100,0,0.056728,0.031470,0.285321,0.095337,0.024326,0.964972,0.988377,0.995954,1.002471,2.094733,1.5012,1.0213
2ab412af0ccc,dav2_large,Depth-Anything-V2,Large,335.32,disparity_scale_shift,window,synthetic,fisheye,tilt20,,,20.0,100,0,0.071243,0.043995,0.334463,0.108904,0.030604,0.950375,0.987022,0.994722,1.004117,2.226864,1.5012,1.0213
2ab412af0ccc,dav2_large,Depth-Anything-V2,Large,335.32,disparity_scale_shift,window,synthetic,fisheye,tilt30,,,30.0,100,0,0.086577,0.060770,0.398563,0.124073,0.037134,0.929497,0.983002,0.994242,1.004116,2.335964,1.5012,1.0213
2ab412af0ccc,dav2_large,Depth-Anything-V2,Large,335.32,disparity_scale_shift,window,synthetic,fisheye,tilt40,,,40.0,100,0,0.085072,0.053064,0.369999,0.124042,0.036715,0.934721,0.981821,0.992188,1.006023,1.990805,1.5012,1.0213
2ab412af0ccc,dav2_large,Depth-Anything-V2,Large,335.32,disparity_scale_shift,window,synthetic,rect,tilt0,,,0.0,25,0,0.055544,0.073613,0.349086,0.095670,0.023116,0.962294,0.988052,0.995342,1.002925,2.026821,1.2348,1.7372
2ab412af0ccc,dav2_large,Depth-Anything-V2,Large,335.32,disparity_scale_shift,window,synthetic,rect,tilt10,,,10.0,100,0,0.048783,0.026813,0.260381,0.089242,0.020950,0.969582,0.988451,0.996105,1.002090,2.115153,1.2348,1.7372
2ab412af0ccc,dav2_large,Depth-Anything-V2,Large,335.32,disparity_scale_shift,window,synthetic,rect,tilt20,,,20.0,100,0,0.053221,0.034717,0.283521,0.094728,0.022786,0.959182,0.987523,0.995246,1.003140,2.243816,1.2348,1.7372
2ab412af0ccc,dav2_large,Depth-Anything-V2,Large,335.32,disparity_scale_shift,window,synthetic,rect,tilt30,,,30.0,100,0,0.058574,0.037647,0.297212,0.102499,0.025270,0.948837,0.983896,0.992857,1.003151,2.370197,1.2348,1.7372
2ab412af0ccc,dav2_large,Depth-Anything-V2,Large,335.32,disparity_scale_shift,window,synthetic,rect,tilt40,,,40.0,100,0,0.068586,0.042656,0.316303,0.112830,0.029550,0.938855,0.981547,0.993074,1.007372,1.166716,1.2348,1.7372
2ab412af0ccc,da3_large,Depth-Anything-3,Large,410.94,scale_shift,radial,real,fisheye,0-10,0.0,10.0,,25,4945,0.100560,0.060176,0.333420,0.133471,0.040688,0.897480,0.959134,0.989420,0.994325,2.294346,1.3545,1.1582
2ab412af0ccc,da3_large,Depth-Anything-3,Large,410.94,scale_shift,radial,real,fisheye,10-20,10.0,20.0,,25,16023,0.093212,0.047562,0.300898,0.124527,0.037833,0.918877,0.969205,0.989198,1.003478,2.302898,1.3545,1.1582
2ab412af0ccc,da3_large,Depth-Anything-3,Large,410.94,scale_shift,radial,real,fisheye,20-30,20.0,30.0,,25,29948,0.082119,0.033159,0.257853,0.113687,0.033954,0.935459,0.978085,0.995565,1.003344,2.261551,1.3545,1.1582
2ab412af0ccc,da3_large,Depth-Anything-3,Large,410.94,scale_shift,radial,real,fisheye,30-40,30.0,40.0,,25,47587,0.086449,0.031443,0.239394,0.129196,0.036717,0.916290,0.974434,0.991544,0.998083,2.180528,1.3545,1.1582
2ab412af0ccc,da3_large,Depth-Anything-3,Large,410.94,scale_shift,radial,real,fisheye,40-50,40.0,50.0,,25,67828,0.106135,0.039710,0.254284,0.170950,0.047111,0.890955,0.956108,0.978350,0.985933,2.080786,1.3545,1.1582
2ab412af0ccc,da3_large,Depth-Anything-3,Large,410.94,scale_shift,radial,real,fisheye,50-55,50.0,55.0,,25,36245,0.136212,0.050105,0.298489,0.226768,0.062999,0.863241,0.941370,0.968226,0.965719,1.980906,1.3545,1.1582
2ab412af0ccc,da3_large,Depth-Anything-3,Large,410.94,scale_shift,radial,real,rect,0-10,0.0,10.0,,25,7927,0.068271,0.040600,0.274896,0.111105,0.028552,0.948727,0.973438,0.987582,0.999553,2.167464,1.1159,1.0339
2ab412af0ccc,da3_large,Depth-Anything-3,Large,410.94,scale_shift,radial,real,rect,10-20,10.0,20.0,,25,25858,0.070195,0.038842,0.265963,0.110267,0.028299,0.946030,0.966167,0.991486,0.997394,2.154926,1.1159,1.0339
2ab412af0ccc,da3_large,Depth-Anything-3,Large,410.94,scale_shift,radial,real,rect,20-30,20.0,30.0,,25,51190,0.061861,0.026286,0.221457,0.100201,0.025440,0.948500,0.974612,0.996720,0.993923,2.140239,1.1159,1.0339
2ab412af0ccc,da3_large,Depth-Anything-3,Large,410.94,scale_shift,radial,real,rect,30-40,30.0,40.0,,25,94545,0.066452,0.023820,0.202899,0.111022,0.028042,0.939234,0.974568,0.995751,0.993900,2.128290,1.1159,1.0339
2ab412af0ccc,da3_large,Depth-Anything-3,Large,410.94,scale_shift,radial,real,rect,40-50,40.0,50.0,,25,85819,0.074374,0.027313,0.196049,0.125983,0.032032,0.933442,0.965882,0.986624,0.997063,2.111032,1.1159,1.0339
2ab412af0ccc,da3_large,Depth-Anything-3,Large,410.94,scale_shift,radial,real,rect,50-55,50.0,55.0,,25,2940,0.076182,0.024837,0.160194,0.117786,0.034752,0.937810,0.958122,0.964272,0.993714,2.096319,1.1159,1.0339
2ab412af0ccc,da3_large,Depth-Anything-3,Large,410.94,scale_shift,radial,synthetic,fisheye,0-10,0.0,10.0,,25,4945,0.061775,0.033420,0.258392,0.098547,0.025888,0.966609,0.986669,0.994597,1.008642,2.657491,2.0419,1.1643
2ab412af0ccc,da3_large,Depth-Anything-3,Large,410.94,scale_shift,radial,synthetic,fisheye,10-20,10.0,20.0,,25,16023,0.060391,0.029140,0.264677,0.098420,0.025789,0.969781,0.987624,0.996053,1.014596,2.653198,2.0419,1.1643
2ab412af0ccc,da3_large,Depth-Anything-3,Large,410.94,scale_shift,radial,synthetic,fisheye,20-30,20.0,30.0,,25,29948,0.066495,0.027397,0.260872,0.105404,0.028881,0.960375,0.985297,0.994456,1.023105,2.622117,2.0419,1.1643
2ab412af0ccc,da3_large,Depth-Anything-3,Large,410.94,scale_shift,radial,synthetic,fisheye,30-40,30.0,40.0,,25,47587,0.085719,0.034631,0.256533,0.137814,0.036622,0.923063,0.973228,0.985233,1.014288,2.535522,2.0419,1.1643
2ab412af0ccc,da3_large,Depth-Anything-3,Large,410.94,scale_shift,radial,synthetic,fisheye,40-50,40.0,50.0,,25,67828,0.105867,0.039476,0.249142,0.164335,0.045015,0.894568,0.952045,0.979439,0.994757,2.408807,2.0419,1.1643
2ab412af0ccc,da3_large,Depth-Anything-3,Large,410.94,scale_shift,radial,synthetic,fisheye,50-55,50.0,55.0,,25,36245,0.126139,0.051805,0.285952,0.190729,0.053726,0.883099,0.944575,0.972065,0.967167,2.282541,2.0419,1.1643
2ab412af0ccc,da3_large,Depth-Anything-3,Large,410.94,scale_shift,radial,synthetic,rect,0-10,0.0,10.0,,25,7927,0.045245,0.027313,0.231932,0.087291,0.019063,0.967897,0.987425,0.995443,0.996453,2.559453,1.5553,1.0133
2ab412af0ccc,da3_large,Depth-Anything-3,Large,410.94,scale_shift,radial,synthetic,rect,10-20,10.0,20.0,,25,25858,0.044373,0.023369,0.233054,0.087002,0.018807,0.973455,0.989480,0.996032,0.998012,2.552647,1.5553,1.0133
2ab412af0ccc,da3_large,Depth-Anything-3,Large,410.94,scale_shift,radial,synthetic,rect,20-30,20.0,30.0,,25,51190,0.045098,0.020318,0.220494,0.087833,0.019278,0.973732,0.989116,0.995647,1.000103,2.548371,1.5553,1.0133
2ab412af0ccc,da3_large,Depth-Anything-3,Large,410.94,scale_shift,radial,synthetic,rect,30-40,30.0,40.0,,25,94545,0.057822,0.025741,0.224756,0.108671,0.023839,0.966260,0.983102,0.989999,0.999900,2.535032,1.5553,1.0133
2ab412af0ccc,da3_large,Depth-Anything-3,Large,410.94,scale_shift,radial,synthetic,rect,40-50,40.0,50.0,,25,85819,0.066551,0.025555,0.198173,0.112759,0.027204,0.956711,0.979756,0.986060,1.002812,2.534269,1.5553,1.0133
2ab412af0ccc,da3_large,Depth-Anything-3,Large,410.94,scale_shift,radial,synthetic,rect,50-55,50.0,55.0,,25,2940,0.070369,0.021748,0.131039,0.102644,0.028404,0.941823,0.979143,0.987973,1.002825,2.525838,1.5553,1.0133
2ab412af0ccc,da3_large,Depth-Anything-3,Large,410.94,scale_shift,window,real,fisheye,tilt0,,,0.0,25,0,0.077118,0.040280,0.282042,0.119661,0.031937,0.925256,0.972036,0.995294,0.995573,2.824126,1.4110,0.9703
2ab412af0ccc,da3_large,Depth-Anything-3,Large,410.94,scale_shift,window,real,fisheye,tilt10,,,10.0,100,0,0.072583,0.036685,0.267585,0.117732,0.030263,0.930168,0.973684,0.993360,0.994552,2.801683,1.4110,0.9703
2ab412af0ccc,da3_large,Depth-Anything-3,Large,410.94,scale_shift,window,real,fisheye,tilt20,,,20.0,100,0,0.083592,0.044709,0.286860,0.125688,0.034579,0.922622,0.968825,0.989210,0.996629,2.839124,1.4110,0.9703
2ab412af0ccc,da3_large,Depth-Anything-3,Large,410.94,scale_shift,window,real,fisheye,tilt30,,,30.0,100,0,0.094896,0.051373,0.315545,0.137663,0.039320,0.905113,0.971138,0.989714,0.993655,2.927245,1.4110,0.9703
2ab412af0ccc,da3_large,Depth-Anything-3,Large,410.94,scale_shift,window,real,fisheye,tilt40,,,40.0,100,0,0.108817,0.059384,0.358435,0.146654,0.045105,0.885295,0.966431,0.989934,0.990382,2.910425,1.4110,0.9703
2ab412af0ccc,da3_large,Depth-Anything-3,Large,410.94,scale_shift,window,real,rect,tilt0,,,0.0,25,0,0.078522,0.041008,0.285164,0.120128,0.032508,0.924096,0.970437,0.995322,0.996080,2.759887,1.5119,1.0023
2ab412af0ccc,da3_large,Depth-Anything-3,Large,410.94,scale_shift,window,real,rect,tilt10,,,10.0,100,0,0.072078,0.038309,0.270780,0.117992,0.029896,0.930959,0.973268,0.992833,0.994859,2.747401,1.5119,1.0023
2ab412af0ccc,da3_large,Depth-Anything-3,Large,410.94,scale_shift,window,real,rect,tilt20,,,20.0,100,0,0.073152,0.040123,0.271711,0.117598,0.030232,0.930915,0.970148,0.989886,0.994186,2.784919,1.5119,1.0023
2ab412af0ccc,da3_large,Depth-Anything-3,Large,410.94,scale_shift,window,real,rect,tilt30,,,30.0,100,0,0.077482,0.043975,0.279385,0.121059,0.032080,0.911446,0.973025,0.991349,0.995203,2.851106,1.5119,1.0023
2ab412af0ccc,da3_large,Depth-Anything-3,Large,410.94,scale_shift,window,real,rect,tilt40,,,40.0,100,0,0.118716,0.074429,0.371040,0.157500,0.049092,0.849767,0.951792,0.988726,0.983078,2.753438,1.5119,1.0023
2ab412af0ccc,da3_large,Depth-Anything-3,Large,410.94,scale_shift,window,synthetic,fisheye,tilt0,,,0.0,25,0,0.050426,0.024567,0.233725,0.091736,0.021015,0.963010,0.989144,0.996566,1.000538,3.026959,1.8908,1.0256
2ab412af0ccc,da3_large,Depth-Anything-3,Large,410.94,scale_shift,window,synthetic,fisheye,tilt10,,,10.0,100,0,0.050212,0.024452,0.233314,0.091868,0.021002,0.966090,0.987320,0.996237,0.999125,3.001977,1.8908,1.0256
2ab412af0ccc,da3_large,Depth-Anything-3,Large,410.94,scale_shift,window,synthetic,fisheye,tilt20,,,20.0,100,0,0.061351,0.029870,0.257312,0.102892,0.025636,0.959305,0.985675,0.994453,0.999949,2.957397,1.8908,1.0256
2ab412af0ccc,da3_large,Depth-Anything-3,Large,410.94,scale_shift,window,synthetic,fisheye,tilt30,,,30.0,100,0,0.077034,0.040250,0.296912,0.119474,0.031820,0.939445,0.980805,0.992148,0.999718,2.976704,1.8908,1.0256
2ab412af0ccc,da3_large,Depth-Anything-3,Large,410.94,scale_shift,window,synthetic,fisheye,tilt40,,,40.0,100,0,0.095345,0.060153,0.357572,0.135239,0.039120,0.906855,0.973657,0.991541,0.990382,2.951347,1.8908,1.0256
2ab412af0ccc,da3_large,Depth-Anything-3,Large,410.94,scale_shift,window,synthetic,rect,tilt0,,,0.0,25,0,0.048742,0.022841,0.227547,0.089248,0.020473,0.966225,0.989989,0.996764,0.998430,3.045569,1.9670,1.0551
2ab412af0ccc,da3_large,Depth-Anything-3,Large,410.94,scale_shift,window,synthetic,rect,tilt10,,,10.0,100,0,0.047145,0.024027,0.227968,0.089849,0.019661,0.967472,0.986826,0.996341,1.000047,3.012532,1.9670,1.0551
2ab412af0ccc,da3_large,Depth-Anything-3,Large,410.94,scale_shift,window,synthetic,rect,tilt20,,,20.0,100,0,0.053540,0.028431,0.246114,0.098318,0.022216,0.957292,0.984497,0.993796,1.000019,2.942691,1.9670,1.0551
2ab412af0ccc,da3_large,Depth-Anything-3,Large,410.94,scale_shift,window,synthetic,rect,tilt30,,,30.0,100,0,0.060224,0.032716,0.261814,0.106160,0.025047,0.945021,0.981655,0.994138,0.997601,2.975878,1.9670,1.0551
2ab412af0ccc,da3_large,Depth-Anything-3,Large,410.94,scale_shift,window,synthetic,rect,tilt40,,,40.0,100,0,0.095874,0.060911,0.337491,0.138775,0.038994,0.893328,0.966016,0.990024,0.992431,2.886584,1.9670,1.0551
