digest,model,family,size,params_m,align,protocol,stream,view,axis,cell,theta_lo,theta_hi,tilt,n_frames,n_px_mean,AbsRel,SqRel,RMSE,RMSElog,log10,delta1,delta2,delta3,scale_ratio,raw_scale_ratio,anchored_ratio,gt_median,gt_std,gt_spread,AbsRel_ds,delta1_ds,ds_strata,pen,pen_ds
fcc6c600f83b,vggt_1b,VGGT,1B,1190.60,scale_shift,radial,real,fisheye,theta,0-10,0.0,10.0,,200,4944,0.109655,0.094985,0.440400,0.164278,0.046507,0.899588,0.941476,0.967786,0.957734,2.583606,0.967365,3.000880,0.719866,0.424477,0.193564,0.774658,2.655000,1.3004,
fcc6c600f83b,vggt_1b,VGGT,1B,1190.60,scale_shift,radial,real,fisheye,theta,10-20,10.0,20.0,,200,16022,0.104575,0.078803,0.419975,0.156756,0.043660,0.902521,0.946585,0.975884,0.972863,2.577630,0.967313,2.871683,1.078285,0.610150,0.133434,0.863700,3.530000,1.3004,
fcc6c600f83b,vggt_1b,VGGT,1B,1190.60,scale_shift,radial,real,fisheye,theta,20-30,20.0,30.0,,200,29952,0.099082,0.055681,0.359557,0.147156,0.041737,0.907048,0.958784,0.987649,0.985200,2.540788,0.969299,2.654723,1.232538,0.732756,0.109389,0.897186,3.905000,1.3004,
fcc6c600f83b,vggt_1b,VGGT,1B,1190.60,scale_shift,radial,real,fisheye,theta,30-40,30.0,40.0,,200,47588,0.103977,0.049032,0.324254,0.162468,0.045306,0.888470,0.960679,0.986961,0.982406,2.454062,0.965728,2.306340,1.239038,0.838030,0.107770,0.884922,4.000000,1.3004,
fcc6c600f83b,vggt_1b,VGGT,1B,1190.60,scale_shift,radial,real,fisheye,theta,40-50,40.0,50.0,,200,67824,0.118787,0.055148,0.325926,0.213040,0.055536,0.865529,0.943102,0.978435,0.972530,2.341084,0.958682,1.957265,1.170777,0.899930,0.115386,0.869644,4.000000,1.3004,
fcc6c600f83b,vggt_1b,VGGT,1B,1190.60,scale_shift,radial,real,fisheye,theta,50-55,50.0,55.0,,200,36245,0.142598,0.066895,0.345551,0.267847,0.069161,0.840892,0.924428,0.962174,0.958179,2.220353,0.939891,1.697035,1.084828,0.946375,0.139567,0.836000,3.990000,1.3004,
fcc6c600f83b,vggt_1b,VGGT,1B,1190.60,scale_shift,radial,real,rect,theta,0-10,0.0,10.0,,200,7926,0.100016,0.081635,0.419904,0.155737,0.043204,0.913415,0.950155,0.973324,0.952228,2.669123,0.967292,3.014825,0.718804,0.417720,0.143377,0.837727,2.715000,1.0784,
fcc6c600f83b,vggt_1b,VGGT,1B,1190.60,scale_shift,radial,real,rect,theta,10-20,10.0,20.0,,200,25857,0.094782,0.067100,0.394991,0.146188,0.039848,0.916588,0.956251,0.980362,0.961558,2.667580,0.966303,2.870190,1.078711,0.613299,0.111098,0.889979,3.670000,1.0784,
fcc6c600f83b,vggt_1b,VGGT,1B,1190.60,scale_shift,radial,real,rect,theta,20-30,20.0,30.0,,200,51196,0.085785,0.045309,0.328831,0.132698,0.036051,0.926897,0.969295,0.989715,0.973720,2.646988,0.962102,2.653615,1.233023,0.733406,0.093139,0.916871,3.975000,1.0784,
fcc6c600f83b,vggt_1b,VGGT,1B,1190.60,scale_shift,radial,real,rect,theta,30-40,30.0,40.0,,200,94551,0.087212,0.036875,0.286080,0.143619,0.037452,0.917734,0.970771,0.989825,0.980750,2.613486,0.965016,2.300343,1.238497,0.838870,0.088287,0.916175,4.000000,1.0784,
fcc6c600f83b,vggt_1b,VGGT,1B,1190.60,scale_shift,radial,real,rect,theta,40-50,40.0,50.0,,200,85810,0.090372,0.037100,0.277380,0.176945,0.042599,0.895121,0.961484,0.983868,1.001911,2.599195,0.976292,1.987273,1.167496,0.893078,0.087394,0.896673,4.000000,1.0784,
fcc6c600f83b,vggt_1b,VGGT,1B,1190.60,scale_shift,radial,real,rect,theta,50-55,50.0,55.0,,200,2940,0.107855,0.048436,0.274597,0.199087,0.055667,0.844673,0.930607,0.969849,1.050076,2.635248,1.035140,1.943890,1.014456,0.632354,0.146079,0.773810,2.930000,1.0784,
fcc6c600f83b,vggt_1b,VGGT,1B,1190.60,scale_shift,radial,synthetic,fisheye,theta,0-10,0.0,10.0,,200,4944,0.067834,0.038886,0.324299,0.116911,0.030605,0.953993,0.979244,0.990653,0.973935,2.706068,0.977289,3.000880,0.719866,0.424477,0.104107,0.895872,2.655000,1.7932,
fcc6c600f83b,vggt_1b,VGGT,1B,1190.60,scale_shift,radial,synthetic,fisheye,theta,10-20,10.0,20.0,,200,16022,0.065502,0.033152,0.314484,0.111890,0.029358,0.957186,0.984424,0.993753,0.983355,2.698230,0.977816,2.871683,1.078285,0.610150,0.074875,0.945940,3.530000,1.7932,
fcc6c600f83b,vggt_1b,VGGT,1B,1190.60,scale_shift,radial,synthetic,fisheye,theta,20-30,20.0,30.0,,200,29952,0.070125,0.029579,0.291639,0.117228,0.031503,0.950315,0.985217,0.994269,0.998905,2.668024,0.979631,2.654723,1.232538,0.732756,0.079301,0.941539,3.905000,1.7932,
fcc6c600f83b,vggt_1b,VGGT,1B,1190.60,scale_shift,radial,synthetic,fisheye,theta,30-40,30.0,40.0,,200,47588,0.084922,0.032477,0.268415,0.142567,0.037900,0.913105,0.972381,0.990242,0.997179,2.591279,0.977787,2.306340,1.239038,0.838030,0.088828,0.910697,4.000000,1.7932,
fcc6c600f83b,vggt_1b,VGGT,1B,1190.60,scale_shift,radial,synthetic,fisheye,theta,40-50,40.0,50.0,,200,67824,0.101970,0.038326,0.260625,0.171051,0.045903,0.890837,0.952037,0.980892,0.984030,2.478348,0.971180,1.957265,1.170777,0.899930,0.099090,0.894577,4.000000,1.7932,
fcc6c600f83b,vggt_1b,VGGT,1B,1190.60,scale_shift,radial,synthetic,fisheye,theta,50-55,50.0,55.0,,200,36245,0.121642,0.045041,0.277125,0.205552,0.056121,0.881688,0.942419,0.969486,0.964255,2.354014,0.956520,1.697035,1.084828,0.946375,0.118500,0.880146,3.990000,1.7932,
fcc6c600f83b,vggt_1b,VGGT,1B,1190.60,scale_shift,radial,synthetic,rect,theta,0-10,0.0,10.0,,200,7926,0.066981,0.043002,0.343588,0.123933,0.031005,0.949469,0.974453,0.987148,0.967969,2.677402,0.970539,3.014825,0.718804,0.417720,0.095242,0.907452,2.715000,1.1837,
fcc6c600f83b,vggt_1b,VGGT,1B,1190.60,scale_shift,radial,synthetic,rect,theta,10-20,10.0,20.0,,200,25857,0.061476,0.034470,0.324195,0.114300,0.027921,0.957419,0.981222,0.992106,0.973962,2.669543,0.966216,2.870190,1.078711,0.613299,0.065531,0.950565,3.670000,1.1837,
fcc6c600f83b,vggt_1b,VGGT,1B,1190.60,scale_shift,radial,synthetic,rect,theta,20-30,20.0,30.0,,200,51196,0.061037,0.028107,0.288028,0.108889,0.027173,0.962878,0.985234,0.994209,0.983808,2.645195,0.959594,2.653615,1.233023,0.733406,0.066975,0.956804,3.975000,1.1837,
fcc6c600f83b,vggt_1b,VGGT,1B,1190.60,scale_shift,radial,synthetic,rect,theta,30-40,30.0,40.0,,200,94551,0.070552,0.028681,0.259196,0.121988,0.030398,0.945466,0.979353,0.991575,0.986202,2.617764,0.957206,2.300343,1.238497,0.838870,0.071361,0.944103,4.000000,1.1837,
fcc6c600f83b,vggt_1b,VGGT,1B,1190.60,scale_shift,radial,synthetic,rect,theta,40-50,40.0,50.0,,200,85810,0.073577,0.027807,0.241397,0.131208,0.032208,0.931475,0.974373,0.989360,0.997027,2.600121,0.970929,1.987273,1.167496,0.893078,0.072280,0.927999,4.000000,1.1837,
fcc6c600f83b,vggt_1b,VGGT,1B,1190.60,scale_shift,radial,synthetic,rect,theta,50-55,50.0,55.0,,200,2940,0.079287,0.027574,0.198361,0.139236,0.037902,0.906973,0.966634,0.984941,1.027075,2.616869,1.021588,1.943890,1.014456,0.632354,0.100833,0.856904,2.930000,1.1837,
fcc6c600f83b,vggt_omega,VGGT-Omega,1B/512,1143.81,scale_shift,radial,real,fisheye,theta,0-10,0.0,10.0,,200,4825,0.071668,0.045889,0.329212,0.126779,0.032309,0.930072,0.966520,0.985642,1.006919,2.092705,0.979924,3.003408,0.719292,0.421037,0.136825,0.826592,2.640000,1.5037,
fcc6c600f83b,vggt_omega,VGGT-Omega,1B/512,1143.81,scale_shift,radial,real,fisheye,theta,10-20,10.0,20.0,,200,15660,0.067356,0.036410,0.311549,0.120028,0.030016,0.939126,0.972947,0.991351,1.013216,2.099366,0.978468,2.869760,1.078276,0.611526,0.083996,0.910172,3.530000,1.5037,
fcc6c600f83b,vggt_omega,VGGT-Omega,1B/512,1143.81,scale_shift,radial,real,fisheye,theta,20-30,20.0,30.0,,200,29277,0.060415,0.025081,0.258230,0.108826,0.026590,0.950341,0.982480,0.994804,1.015577,2.088459,0.972482,2.655145,1.232510,0.732576,0.069510,0.938000,3.900000,1.5037,
fcc6c600f83b,vggt_omega,VGGT-Omega,1B/512,1143.81,scale_shift,radial,real,fisheye,theta,30-40,30.0,40.0,,200,46487,0.062070,0.021500,0.219823,0.112948,0.026763,0.944843,0.979145,0.994156,1.003628,2.038503,0.957057,2.305818,1.239051,0.838163,0.064923,0.941179,4.000000,1.5037,
fcc6c600f83b,vggt_omega,VGGT-Omega,1B/512,1143.81,scale_shift,radial,real,fisheye,theta,40-50,40.0,50.0,,200,66249,0.075234,0.025103,0.222640,0.141346,0.033215,0.938489,0.970608,0.989091,0.979494,1.956533,0.928626,1.957153,1.170799,0.900137,0.072170,0.941431,4.000000,1.5037,
fcc6c600f83b,vggt_omega,VGGT-Omega,1B/512,1143.81,scale_shift,radial,real,fisheye,theta,50-55,50.0,55.0,,200,35412,0.107768,0.038898,0.280053,0.186874,0.048676,0.923094,0.964667,0.982444,0.939806,1.850061,0.886268,1.697120,1.084848,0.946042,0.104370,0.923625,3.990000,1.5037,
fcc6c600f83b,vggt_omega,VGGT-Omega,1B/512,1143.81,scale_shift,radial,real,rect,theta,0-10,0.0,10.0,,200,7745,0.064439,0.044214,0.316805,0.123276,0.029031,0.934676,0.969112,0.986452,0.992989,2.258154,0.981098,3.006243,0.719691,0.420979,0.092355,0.897974,2.705000,0.8629,
fcc6c600f83b,vggt_omega,VGGT-Omega,1B/512,1143.81,scale_shift,radial,real,rect,theta,10-20,10.0,20.0,,200,25247,0.061366,0.035165,0.299368,0.116428,0.027095,0.942470,0.974591,0.992005,0.994233,2.265072,0.981328,2.871138,1.078878,0.612891,0.071471,0.929517,3.670000,0.8629,
fcc6c600f83b,vggt_omega,VGGT-Omega,1B/512,1143.81,scale_shift,radial,real,rect,theta,20-30,20.0,30.0,,200,50035,0.054585,0.023336,0.237880,0.103044,0.023507,0.954033,0.981514,0.995349,0.994903,2.277861,0.973320,2.653490,1.233133,0.733384,0.062146,0.945121,3.975000,0.8629,
fcc6c600f83b,vggt_omega,VGGT-Omega,1B/512,1143.81,scale_shift,radial,real,rect,theta,30-40,30.0,40.0,,200,92347,0.061234,0.022384,0.207422,0.111421,0.025182,0.945303,0.974799,0.993876,0.990649,2.276234,0.964059,2.300413,1.238501,0.838882,0.061334,0.944579,4.000000,0.8629,
fcc6c600f83b,vggt_omega,VGGT-Omega,1B/512,1143.81,scale_shift,radial,real,rect,theta,40-50,40.0,50.0,,200,83851,0.061394,0.021076,0.187732,0.113457,0.025423,0.947856,0.975444,0.991538,0.991755,2.281303,0.946813,1.987488,1.167471,0.892960,0.056458,0.952244,4.000000,0.8629,
fcc6c600f83b,vggt_omega,VGGT-Omega,1B/512,1143.81,scale_shift,radial,real,rect,theta,50-55,50.0,55.0,,200,2874,0.055601,0.018650,0.147028,0.088140,0.024354,0.954766,0.983279,0.991108,0.995775,2.290508,0.936515,1.927020,1.014322,0.638383,0.081949,0.892776,2.930000,0.8629,
fcc6c600f83b,vggt_omega,VGGT-Omega,1B/512,1143.81,scale_shift,radial,synthetic,fisheye,theta,0-10,0.0,10.0,,200,4825,0.054580,0.034380,0.295318,0.107009,0.024967,0.955771,0.981950,0.990970,1.009575,2.418797,0.983192,3.003408,0.719292,0.421037,0.096273,0.899752,2.640000,1.8290,
fcc6c600f83b,vggt_omega,VGGT-Omega,1B/512,1143.81,scale_shift,radial,synthetic,fisheye,theta,10-20,10.0,20.0,,200,15660,0.049914,0.027246,0.285150,0.101105,0.022797,0.962566,0.985617,0.994906,1.010011,2.414790,0.981831,2.869760,1.078276,0.611526,0.058880,0.949298,3.530000,1.8290,
fcc6c600f83b,vggt_omega,VGGT-Omega,1B/512,1143.81,scale_shift,radial,synthetic,fisheye,theta,20-30,20.0,30.0,,200,29277,0.048793,0.022062,0.255851,0.098258,0.022068,0.967502,0.987393,0.994916,1.014679,2.398276,0.979031,2.655145,1.232510,0.732576,0.059046,0.956405,3.900000,1.8290,
fcc6c600f83b,vggt_omega,VGGT-Omega,1B/512,1143.81,scale_shift,radial,synthetic,fisheye,theta,30-40,30.0,40.0,,200,46487,0.054009,0.021430,0.223384,0.104743,0.023229,0.963562,0.983021,0.992395,1.007948,2.344853,0.966369,2.305818,1.239051,0.838163,0.058089,0.958174,4.000000,1.8290,
fcc6c600f83b,vggt_omega,VGGT-Omega,1B/512,1143.81,scale_shift,radial,synthetic,fisheye,theta,40-50,40.0,50.0,,200,66249,0.066472,0.022767,0.209008,0.111388,0.027561,0.959204,0.981427,0.990573,0.983121,2.251322,0.940789,1.957153,1.170799,0.900137,0.063792,0.960316,4.000000,1.8290,
fcc6c600f83b,vggt_omega,VGGT-Omega,1B/512,1143.81,scale_shift,radial,synthetic,fisheye,theta,50-55,50.0,55.0,,200,35412,0.099827,0.037594,0.273145,0.191999,0.044081,0.944381,0.974824,0.984266,0.945667,2.136489,0.903859,1.697120,1.084848,0.946042,0.096217,0.943593,3.990000,1.8290,
fcc6c600f83b,vggt_omega,VGGT-Omega,1B/512,1143.81,scale_shift,radial,synthetic,rect,theta,0-10,0.0,10.0,,200,7745,0.044954,0.028868,0.248656,0.092239,0.019645,0.968655,0.985828,0.993090,0.990720,2.499740,0.988765,3.006243,0.719691,0.420979,0.072181,0.939741,2.705000,0.9998,
fcc6c600f83b,vggt_omega,VGGT-Omega,1B/512,1143.81,scale_shift,radial,synthetic,rect,theta,10-20,10.0,20.0,,200,25247,0.041233,0.022280,0.242592,0.088121,0.018087,0.972732,0.988872,0.995836,0.991187,2.502001,0.987206,2.871138,1.078878,0.612891,0.049778,0.966807,3.670000,0.9998,
fcc6c600f83b,vggt_omega,VGGT-Omega,1B/512,1143.81,scale_shift,radial,synthetic,rect,theta,20-30,20.0,30.0,,200,50035,0.039903,0.018640,0.218560,0.086506,0.017278,0.974740,0.989371,0.995909,0.993966,2.505277,0.985093,2.653490,1.233133,0.733384,0.048527,0.966879,3.975000,0.9998,
fcc6c600f83b,vggt_omega,VGGT-Omega,1B/512,1143.81,scale_shift,radial,synthetic,rect,theta,30-40,30.0,40.0,,200,92347,0.046917,0.020473,0.203405,0.098146,0.019181,0.966772,0.984450,0.993655,0.996158,2.505498,0.981277,2.300413,1.238501,0.838882,0.048018,0.965166,4.000000,0.9998,
fcc6c600f83b,vggt_omega,VGGT-Omega,1B/512,1143.81,scale_shift,radial,synthetic,rect,theta,40-50,40.0,50.0,,200,83851,0.049302,0.019733,0.182599,0.097620,0.019883,0.965192,0.984372,0.993668,0.999375,2.509488,0.978378,1.987488,1.167471,0.892960,0.046515,0.966028,4.000000,0.9998,
fcc6c600f83b,vggt_omega,VGGT-Omega,1B/512,1143.81,scale_shift,radial,synthetic,rect,theta,50-55,50.0,55.0,,200,2874,0.044945,0.014157,0.124796,0.072037,0.018592,0.971568,0.989261,0.996839,1.003210,2.514903,0.975812,1.927020,1.014322,0.638383,0.053851,0.954467,2.930000,0.9998,
fcc6c600f83b,dav2_large,Depth-Anything-V2,Large,335.32,disparity_scale_shift,radial,real,fisheye,theta,0-10,0.0,10.0,,200,4944,0.117148,0.221028,0.535415,0.159515,0.048712,0.904398,0.962552,0.977694,1.019774,0.757517,1.004931,3.000880,0.719866,0.424477,0.124793,0.908541,2.655000,1.0041,
fcc6c600f83b,dav2_large,Depth-Anything-V2,Large,335.32,disparity_scale_shift,radial,real,fisheye,theta,10-20,10.0,20.0,,200,16022,0.115473,0.557061,0.686870,0.150279,0.045491,0.914558,0.972704,0.984186,1.022446,0.799233,0.995474,2.871683,1.078285,0.610150,0.105997,0.920758,3.530000,1.0041,
fcc6c600f83b,dav2_large,Depth-Anything-V2,Large,335.32,disparity_scale_shift,radial,real,fisheye,theta,20-30,20.0,30.0,,200,29952,0.110096,0.427607,0.683290,0.142699,0.043594,0.917500,0.974984,0.987935,1.021420,0.853430,0.975123,2.654723,1.232538,0.732756,0.112062,0.914699,3.905000,1.0041,
fcc6c600f83b,dav2_large,Depth-Anything-V2,Large,335.32,disparity_scale_shift,radial,real,fisheye,theta,30-40,30.0,40.0,,200,47588,0.106287,0.262597,0.593035,0.140672,0.042587,0.911206,0.974405,0.989139,1.010834,0.912515,0.953167,2.306340,1.239038,0.838030,0.107833,0.907958,4.000000,1.0041,
fcc6c600f83b,dav2_large,Depth-Anything-V2,Large,335.32,disparity_scale_shift,radial,real,fisheye,theta,40-50,40.0,50.0,,200,67824,0.105386,0.154117,0.499840,0.144905,0.043178,0.900624,0.973658,0.989512,0.988875,0.958172,0.928664,1.957265,1.170777,0.899930,0.111020,0.897212,4.000000,1.0041,
fcc6c600f83b,dav2_large,Depth-Anything-V2,Large,335.32,disparity_scale_shift,radial,real,fisheye,theta,50-55,50.0,55.0,,200,36245,0.117632,0.119472,0.457088,0.166162,0.049641,0.878796,0.964417,0.984727,0.968403,0.979727,0.904385,1.697035,1.084828,0.946375,0.126954,0.872362,3.990000,1.0041,
fcc6c600f83b,dav2_large,Depth-Anything-V2,Large,335.32,disparity_scale_shift,radial,real,rect,theta,0-10,0.0,10.0,,200,7926,0.121582,1.718208,0.690458,0.145919,0.040034,0.918001,0.964662,0.979163,0.995601,1.260659,1.003126,3.014825,0.718804,0.417720,0.110035,0.927131,2.715000,0.7334,
fcc6c600f83b,dav2_large,Depth-Anything-V2,Large,335.32,disparity_scale_shift,radial,real,rect,theta,10-20,10.0,20.0,,200,25857,0.092596,0.630832,0.650834,0.130681,0.034281,0.926755,0.973183,0.985681,0.996587,1.350675,0.995327,2.870190,1.078711,0.613299,0.095377,0.922692,3.670000,0.7334,
fcc6c600f83b,dav2_large,Depth-Anything-V2,Large,335.32,disparity_scale_shift,radial,real,rect,theta,20-30,20.0,30.0,,200,51196,0.086749,0.486518,0.639339,0.121430,0.032634,0.934118,0.975734,0.989250,0.996262,1.469135,0.985778,2.653615,1.233023,0.733406,0.092437,0.926887,3.975000,0.7334,
fcc6c600f83b,dav2_large,Depth-Anything-V2,Large,335.32,disparity_scale_shift,radial,real,rect,theta,30-40,30.0,40.0,,200,94551,0.090488,0.407328,0.591647,0.123866,0.034779,0.925450,0.972993,0.989094,0.994028,1.619686,0.978233,2.300343,1.238497,0.838870,0.091883,0.922705,4.000000,0.7334,
fcc6c600f83b,dav2_large,Depth-Anything-V2,Large,335.32,disparity_scale_shift,radial,real,rect,theta,40-50,40.0,50.0,,200,85810,0.088815,0.124544,0.412983,0.124983,0.037024,0.918768,0.971197,0.989024,1.003984,1.766652,0.979112,1.987273,1.167496,0.893078,0.092063,0.919677,4.000000,0.7334,
fcc6c600f83b,dav2_large,Depth-Anything-V2,Large,335.32,disparity_scale_shift,radial,real,rect,theta,50-55,50.0,55.0,,200,2940,0.089169,0.072883,0.304586,0.118686,0.039550,0.916446,0.964836,0.988702,1.027271,1.850661,0.990643,1.943890,1.014456,0.632354,0.141532,0.849284,2.930000,0.7334,
fcc6c600f83b,dav2_large,Depth-Anything-V2,Large,335.32,disparity_scale_shift,radial,synthetic,fisheye,theta,0-10,0.0,10.0,,200,4944,0.121024,0.651385,0.599515,0.142033,0.046038,0.936019,0.971700,0.981676,1.041261,1.226376,1.005570,3.000880,0.719866,0.424477,0.146788,0.916562,2.655000,1.1776,
fcc6c600f83b,dav2_large,Depth-Anything-V2,Large,335.32,disparity_scale_shift,radial,synthetic,fisheye,theta,10-20,10.0,20.0,,200,16022,0.109409,0.456451,0.592633,0.138033,0.043115,0.936040,0.976876,0.987182,1.044907,1.267489,0.997469,2.871683,1.078285,0.610150,0.109840,0.931564,3.530000,1.1776,
fcc6c600f83b,dav2_large,Depth-Anything-V2,Large,335.32,disparity_scale_shift,radial,synthetic,fisheye,theta,20-30,20.0,30.0,,200,29952,0.109676,0.520610,0.603572,0.139174,0.043169,0.929823,0.976180,0.988090,1.042671,1.319868,0.978744,2.654723,1.232538,0.732756,0.111018,0.919519,3.905000,1.1776,
fcc6c600f83b,dav2_large,Depth-Anything-V2,Large,335.32,disparity_scale_shift,radial,synthetic,fisheye,theta,30-40,30.0,40.0,,200,47588,0.110355,0.394831,0.615262,0.142913,0.043128,0.918475,0.972965,0.985941,1.021857,1.376727,0.951833,2.306340,1.239038,0.838030,0.112369,0.915932,4.000000,1.1776,
fcc6c600f83b,dav2_large,Depth-Anything-V2,Large,335.32,disparity_scale_shift,radial,synthetic,fisheye,theta,40-50,40.0,50.0,,200,67824,0.123265,0.762838,0.717631,0.152901,0.044806,0.910013,0.971363,0.985072,0.983058,1.396854,0.914048,1.957265,1.170777,0.899930,0.133023,0.903766,4.000000,1.1776,
fcc6c600f83b,dav2_large,Depth-Anything-V2,Large,335.32,disparity_scale_shift,radial,synthetic,fisheye,theta,50-55,50.0,55.0,,200,36245,0.142519,0.507888,0.684739,0.172537,0.053383,0.880202,0.966209,0.983520,0.944024,1.375432,0.873528,1.697035,1.084828,0.946375,0.161329,0.861434,3.990000,1.1776,
fcc6c600f83b,dav2_large,Depth-Anything-V2,Large,335.32,disparity_scale_shift,radial,synthetic,rect,theta,0-10,0.0,10.0,,200,7926,0.110114,2.326254,0.648348,0.119951,0.032763,0.947593,0.973228,0.983976,1.008771,1.248949,1.004371,3.014825,0.718804,0.417720,0.096918,0.941754,2.715000,0.7271,
fcc6c600f83b,dav2_large,Depth-Anything-V2,Large,335.32,disparity_scale_shift,radial,synthetic,rect,theta,10-20,10.0,20.0,,200,25857,0.081000,0.690634,0.538184,0.113855,0.028845,0.951004,0.978728,0.988748,1.008463,1.323413,0.998383,2.870190,1.078711,0.613299,0.078303,0.951691,3.670000,0.7271,
fcc6c600f83b,dav2_large,Depth-Anything-V2,Large,335.32,disparity_scale_shift,radial,synthetic,rect,theta,20-30,20.0,30.0,,200,51196,0.074522,0.403557,0.484080,0.111681,0.028458,0.951039,0.980713,0.991415,1.005334,1.434378,0.990415,2.653615,1.233023,0.733406,0.079850,0.944674,3.975000,0.7271,
fcc6c600f83b,dav2_large,Depth-Anything-V2,Large,335.32,disparity_scale_shift,radial,synthetic,rect,theta,30-40,30.0,40.0,,200,94551,0.080480,0.237161,0.440288,0.118092,0.031457,0.942796,0.978141,0.990842,0.998527,1.588544,0.982405,2.300343,1.238497,0.838870,0.082072,0.940684,4.000000,0.7271,
fcc6c600f83b,dav2_large,Depth-Anything-V2,Large,335.32,disparity_scale_shift,radial,synthetic,rect,theta,40-50,40.0,50.0,,200,85810,0.085020,0.223405,0.387606,0.120077,0.033807,0.936862,0.978475,0.991081,1.004439,1.725436,0.982647,1.987273,1.167496,0.893078,0.091173,0.933847,4.000000,0.7271,
fcc6c600f83b,dav2_large,Depth-Anything-V2,Large,335.32,disparity_scale_shift,radial,synthetic,rect,theta,50-55,50.0,55.0,,200,2940,0.080067,0.072308,0.264576,0.103669,0.033866,0.933205,0.981008,0.993267,1.015906,1.782486,0.990840,1.943890,1.014456,0.632354,0.107486,0.911570,2.930000,0.7271,
fcc6c600f83b,da3_large,Depth-Anything-3,Large,410.94,scale_shift,radial,real,fisheye,theta,0-10,0.0,10.0,,200,4944,0.090185,0.051820,0.325821,0.126858,0.037846,0.919669,0.969398,0.990059,0.996655,2.291167,0.991683,3.000880,0.719866,0.424477,0.157895,0.833877,2.655000,1.4802,
fcc6c600f83b,da3_large,Depth-Anything-3,Large,410.94,scale_shift,radial,real,fisheye,theta,10-20,10.0,20.0,,200,16022,0.084828,0.042285,0.302725,0.120071,0.035298,0.926118,0.973521,0.993787,1.001439,2.294705,0.993771,2.871683,1.078285,0.610150,0.105602,0.893902,3.530000,1.4802,
fcc6c600f83b,da3_large,Depth-Anything-3,Large,410.94,scale_shift,radial,real,fisheye,theta,20-30,20.0,30.0,,200,29952,0.077799,0.031042,0.258149,0.113388,0.032576,0.935491,0.979515,0.996668,1.007778,2.279873,1.000601,2.654723,1.232538,0.732756,0.091170,0.915232,3.905000,1.4802,
fcc6c600f83b,da3_large,Depth-Anything-3,Large,410.94,scale_shift,radial,real,fisheye,theta,30-40,30.0,40.0,,200,47588,0.083146,0.030832,0.236758,0.127827,0.035019,0.925509,0.979635,0.993614,0.998635,2.206922,0.999026,2.306340,1.239038,0.838030,0.088106,0.916940,4.000000,1.4802,
fcc6c600f83b,da3_large,Depth-Anything-3,Large,410.94,scale_shift,radial,real,fisheye,theta,40-50,40.0,50.0,,200,67824,0.101523,0.041378,0.258011,0.173210,0.045189,0.898781,0.962600,0.985089,0.981202,2.102494,0.991723,1.957265,1.170777,0.899930,0.098272,0.901596,4.000000,1.4802,
fcc6c600f83b,da3_large,Depth-Anything-3,Large,410.94,scale_shift,radial,real,fisheye,theta,50-55,50.0,55.0,,200,36245,0.133491,0.060972,0.327618,0.229437,0.061639,0.859775,0.938862,0.969895,0.956121,1.991961,0.979967,1.697035,1.084828,0.946375,0.128822,0.859347,3.990000,1.4802,
fcc6c600f83b,da3_large,Depth-Anything-3,Large,410.94,scale_shift,radial,real,rect,theta,0-10,0.0,10.0,,200,7926,0.070598,0.043256,0.293774,0.114656,0.029868,0.945590,0.972147,0.989669,0.988993,2.177317,0.990018,3.014825,0.718804,0.417720,0.095699,0.924691,2.715000,1.1297,
fcc6c600f83b,da3_large,Depth-Anything-3,Large,410.94,scale_shift,radial,real,rect,theta,10-20,10.0,20.0,,200,25857,0.068384,0.036611,0.271792,0.109567,0.028108,0.943127,0.972949,0.993549,0.988985,2.172652,0.987301,2.870190,1.078711,0.613299,0.083658,0.921223,3.670000,1.1297,
fcc6c600f83b,da3_large,Depth-Anything-3,Large,410.94,scale_shift,radial,real,rect,theta,20-30,20.0,30.0,,200,51196,0.062765,0.026513,0.226647,0.102775,0.025815,0.947063,0.977150,0.996032,0.993301,2.176196,0.993506,2.653615,1.233023,0.733406,0.074236,0.931361,3.975000,1.1297,
fcc6c600f83b,da3_large,Depth-Anything-3,Large,410.94,scale_shift,radial,real,rect,theta,30-40,30.0,40.0,,200,94551,0.069128,0.026729,0.212352,0.115831,0.028706,0.937366,0.978812,0.992314,0.992332,2.156314,1.001982,2.300343,1.238497,0.838870,0.069966,0.934542,4.000000,1.1297,
fcc6c600f83b,da3_large,Depth-Anything-3,Large,410.94,scale_shift,radial,real,rect,theta,40-50,40.0,50.0,,200,85810,0.077181,0.032185,0.217791,0.133703,0.033679,0.924079,0.972987,0.987758,0.995191,2.138726,1.011139,1.987273,1.167496,0.893078,0.072749,0.927799,4.000000,1.1297,
fcc6c600f83b,da3_large,Depth-Anything-3,Large,410.94,scale_shift,radial,real,rect,theta,50-55,50.0,55.0,,200,2940,0.079755,0.035693,0.209290,0.125932,0.037304,0.919340,0.959735,0.983714,1.003615,2.129011,1.030959,1.943890,1.014456,0.632354,0.116918,0.852545,2.930000,1.1297,
fcc6c600f83b,da3_large,Depth-Anything-3,Large,410.94,scale_shift,radial,synthetic,fisheye,theta,0-10,0.0,10.0,,200,4944,0.063955,0.041234,0.278409,0.106087,0.026989,0.963786,0.983571,0.991214,1.002271,2.606674,0.998231,3.000880,0.719866,0.424477,0.099588,0.924701,2.655000,1.9707,
fcc6c600f83b,da3_large,Depth-Anything-3,Large,410.94,scale_shift,radial,synthetic,fisheye,theta,10-20,10.0,20.0,,200,16022,0.059699,0.031324,0.272259,0.100133,0.025467,0.966608,0.987999,0.995395,1.008756,2.596690,1.002962,2.871683,1.078285,0.610150,0.070098,0.957506,3.530000,1.9707,
fcc6c600f83b,da3_large,Depth-Anything-3,Large,410.94,scale_shift,radial,synthetic,fisheye,theta,20-30,20.0,30.0,,200,29952,0.064112,0.027045,0.256845,0.105870,0.027938,0.962679,0.988149,0.994806,1.018868,2.583984,1.011131,2.654723,1.232538,0.732756,0.076002,0.949145,3.905000,1.9707,
fcc6c600f83b,da3_large,Depth-Anything-3,Large,410.94,scale_shift,radial,synthetic,fisheye,theta,30-40,30.0,40.0,,200,47588,0.079526,0.030072,0.241585,0.129548,0.034104,0.931760,0.978710,0.990587,1.011775,2.509584,1.003881,2.306340,1.239038,0.838030,0.083538,0.929204,4.000000,1.9707,
fcc6c600f83b,da3_large,Depth-Anything-3,Large,410.94,scale_shift,radial,synthetic,fisheye,theta,40-50,40.0,50.0,,200,67824,0.099008,0.037821,0.247607,0.154822,0.042244,0.903282,0.962421,0.985278,0.992844,2.391504,0.989335,1.957265,1.170777,0.899930,0.095946,0.905017,4.000000,1.9707,
fcc6c600f83b,da3_large,Depth-Anything-3,Large,410.94,scale_shift,radial,synthetic,fisheye,theta,50-55,50.0,55.0,,200,36245,0.126035,0.054073,0.300135,0.193312,0.054322,0.875679,0.949423,0.975962,0.964239,2.264422,0.965473,1.697035,1.084828,0.946375,0.120651,0.876361,3.990000,1.9707,
fcc6c600f83b,da3_large,Depth-Anything-3,Large,410.94,scale_shift,radial,synthetic,rect,theta,0-10,0.0,10.0,,200,7926,0.050710,0.036250,0.248768,0.094153,0.020809,0.967883,0.984734,0.992223,0.992688,2.563432,0.998269,3.014825,0.718804,0.417720,0.080861,0.928855,2.715000,1.2458,
fcc6c600f83b,da3_large,Depth-Anything-3,Large,410.94,scale_shift,radial,synthetic,rect,theta,10-20,10.0,20.0,,200,25857,0.046584,0.026512,0.243395,0.090778,0.019594,0.970764,0.988971,0.995546,0.993875,2.558272,0.997240,2.870190,1.078711,0.613299,0.053666,0.964304,3.670000,1.2458,
fcc6c600f83b,da3_large,Depth-Anything-3,Large,410.94,scale_shift,radial,synthetic,rect,theta,20-30,20.0,30.0,,200,51196,0.045969,0.021859,0.223868,0.091900,0.019490,0.973447,0.988806,0.995133,0.999415,2.566931,1.000618,2.653615,1.233023,0.733406,0.054744,0.964019,3.975000,1.2458,
fcc6c600f83b,da3_large,Depth-Anything-3,Large,410.94,scale_shift,radial,synthetic,rect,theta,30-40,30.0,40.0,,200,94551,0.055090,0.024146,0.213405,0.105413,0.022517,0.965413,0.983978,0.992001,1.000733,2.558802,0.998529,2.300343,1.238497,0.838870,0.056388,0.963296,4.000000,1.2458,
fcc6c600f83b,da3_large,Depth-Anything-3,Large,410.94,scale_shift,radial,synthetic,rect,theta,40-50,40.0,50.0,,200,85810,0.061967,0.023849,0.200370,0.109413,0.025574,0.956218,0.983005,0.991852,1.002805,2.549465,0.997868,1.987273,1.167496,0.893078,0.058813,0.956922,4.000000,1.2458,
fcc6c600f83b,da3_large,Depth-Anything-3,Large,410.94,scale_shift,radial,synthetic,rect,theta,50-55,50.0,55.0,,200,2940,0.063175,0.021584,0.160457,0.092288,0.026614,0.955254,0.986071,0.993920,1.004620,2.541720,0.998189,1.943890,1.014456,0.632354,0.070877,0.934470,2.930000,1.2458,
