digest,model,family,size,params_m,align,protocol,stream,view,cell,theta_lo,theta_hi,tilt,n_frames,n_px_mean,AbsRel,SqRel,RMSE,RMSElog,log10,delta1,delta2,delta3,scale_ratio,raw_scale_ratio,anchored_ratio,pen,drift
fcc6c600f83b,vggt_1b,VGGT,1B,1190.60,scale_shift,radial,real,fisheye,0-10,0.0,10.0,,200,4944,0.109655,0.094985,0.440400,0.164278,0.046507,0.899588,0.941476,0.967786,0.957734,2.583606,0.967365,1.3004,1.0292
fcc6c600f83b,vggt_1b,VGGT,1B,1190.60,scale_shift,radial,real,fisheye,10-20,10.0,20.0,,200,16022,0.104575,0.078803,0.419975,0.156756,0.043660,0.902521,0.946585,0.975884,0.972863,2.577630,0.967313,1.3004,1.0292
fcc6c600f83b,vggt_1b,VGGT,1B,1190.60,scale_shift,radial,real,fisheye,20-30,20.0,30.0,,200,29952,0.099082,0.055681,0.359557,0.147156,0.041737,0.907048,0.958784,0.987649,0.985200,2.540788,0.969299,1.3004,1.0292
fcc6c600f83b,vggt_1b,VGGT,1B,1190.60,scale_shift,radial,real,fisheye,30-40,30.0,40.0,,200,47588,0.103977,0.049032,0.324254,0.162468,0.045306,0.888470,0.960679,0.986961,0.982406,2.454062,0.965728,1.3004,1.0292
fcc6c600f83b,vggt_1b,VGGT,1B,1190.60,scale_shift,radial,real,fisheye,40-50,40.0,50.0,,200,67824,0.118787,0.055148,0.325926,0.213040,0.055536,0.865529,0.943102,0.978435,0.972530,2.341084,0.958682,1.3004,1.0292
fcc6c600f83b,vggt_1b,VGGT,1B,1190.60,scale_shift,radial,real,fisheye,50-55,50.0,55.0,,200,36245,0.142598,0.066895,0.345551,0.267847,0.069161,0.840892,0.924428,0.962174,0.958179,2.220353,0.939891,1.3004,1.0292
fcc6c600f83b,vggt_1b,VGGT,1B,1190.60,scale_shift,radial,real,rect,0-10,0.0,10.0,,200,7926,0.100016,0.081635,0.419904,0.155737,0.043204,0.913415,0.950155,0.973324,0.952228,2.669123,0.967292,1.0784,0.9345
fcc6c600f83b,vggt_1b,VGGT,1B,1190.60,scale_shift,radial,real,rect,10-20,10.0,20.0,,200,25857,0.094782,0.067100,0.394991,0.146188,0.039848,0.916588,0.956251,0.980362,0.961558,2.667580,0.966303,1.0784,0.9345
fcc6c600f83b,vggt_1b,VGGT,1B,1190.60,scale_shift,radial,real,rect,20-30,20.0,30.0,,200,51196,0.085785,0.045309,0.328831,0.132698,0.036051,0.926897,0.969295,0.989715,0.973720,2.646988,0.962102,1.0784,0.9345
fcc6c600f83b,vggt_1b,VGGT,1B,1190.60,scale_shift,radial,real,rect,30-40,30.0,40.0,,200,94551,0.087212,0.036875,0.286080,0.143619,0.037452,0.917734,0.970771,0.989825,0.980750,2.613486,0.965016,1.0784,0.9345
fcc6c600f83b,vggt_1b,VGGT,1B,1190.60,scale_shift,radial,real,rect,40-50,40.0,50.0,,200,85810,0.090372,0.037100,0.277380,0.176945,0.042599,0.895121,0.961484,0.983868,1.001911,2.599195,0.976292,1.0784,0.9345
fcc6c600f83b,vggt_1b,VGGT,1B,1190.60,scale_shift,radial,real,rect,50-55,50.0,55.0,,200,2940,0.107855,0.048436,0.274597,0.199087,0.055667,0.844673,0.930607,0.969849,1.050076,2.635248,1.035140,1.0784,0.9345
fcc6c600f83b,vggt_1b,VGGT,1B,1190.60,scale_shift,radial,synthetic,fisheye,0-10,0.0,10.0,,200,4944,0.067834,0.038886,0.324299,0.116911,0.030605,0.953993,0.979244,0.990653,0.973935,2.706068,0.977289,1.7932,1.0217
fcc6c600f83b,vggt_1b,VGGT,1B,1190.60,scale_shift,radial,synthetic,fisheye,10-20,10.0,20.0,,200,16022,0.065502,0.033152,0.314484,0.111890,0.029358,0.957186,0.984424,0.993753,0.983355,2.698230,0.977816,1.7932,1.0217
fcc6c600f83b,vggt_1b,VGGT,1B,1190.60,scale_shift,radial,synthetic,fisheye,20-30,20.0,30.0,,200,29952,0.070125,0.029579,0.291639,0.117228,0.031503,0.950315,0.985217,0.994269,0.998905,2.668024,0.979631,1.7932,1.0217
fcc6c600f83b,vggt_1b,VGGT,1B,1190.60,scale_shift,radial,synthetic,fisheye,30-40,30.0,40.0,,200,47588,0.084922,0.032477,0.268415,0.142567,0.037900,0.913105,0.972381,0.990242,0.997179,2.591279,0.977787,1.7932,1.0217
fcc6c600f83b,vggt_1b,VGGT,1B,1190.60,scale_shift,radial,synthetic,fisheye,40-50,40.0,50.0,,200,67824,0.101970,0.038326,0.260625,0.171051,0.045903,0.890837,0.952037,0.980892,0.984030,2.478348,0.971180,1.7932,1.0217
fcc6c600f83b,vggt_1b,VGGT,1B,1190.60,scale_shift,radial,synthetic,fisheye,50-55,50.0,55.0,,200,36245,0.121642,0.045041,0.277125,0.205552,0.056121,0.881688,0.942419,0.969486,0.964255,2.354014,0.956520,1.7932,1.0217
fcc6c600f83b,vggt_1b,VGGT,1B,1190.60,scale_shift,radial,synthetic,rect,0-10,0.0,10.0,,200,7926,0.066981,0.043002,0.343588,0.123933,0.031005,0.949469,0.974453,0.987148,0.967969,2.677402,0.970539,1.1837,0.9500
fcc6c600f83b,vggt_1b,VGGT,1B,1190.60,scale_shift,radial,synthetic,rect,10-20,10.0,20.0,,200,25857,0.061476,0.034470,0.324195,0.114300,0.027921,0.957419,0.981222,0.992106,0.973962,2.669543,0.966216,1.1837,0.9500
fcc6c600f83b,vggt_1b,VGGT,1B,1190.60,scale_shift,radial,synthetic,rect,20-30,20.0,30.0,,200,51196,0.061037,0.028107,0.288028,0.108889,0.027173,0.962878,0.985234,0.994209,0.983808,2.645195,0.959594,1.1837,0.9500
fcc6c600f83b,vggt_1b,VGGT,1B,1190.60,scale_shift,radial,synthetic,rect,30-40,30.0,40.0,,200,94551,0.070552,0.028681,0.259196,0.121988,0.030398,0.945466,0.979353,0.991575,0.986202,2.617764,0.957206,1.1837,0.9500
fcc6c600f83b,vggt_1b,VGGT,1B,1190.60,scale_shift,radial,synthetic,rect,40-50,40.0,50.0,,200,85810,0.073577,0.027807,0.241397,0.131208,0.032208,0.931475,0.974373,0.989360,0.997027,2.600121,0.970929,1.1837,0.9500
fcc6c600f83b,vggt_1b,VGGT,1B,1190.60,scale_shift,radial,synthetic,rect,50-55,50.0,55.0,,200,2940,0.079287,0.027574,0.198361,0.139236,0.037902,0.906973,0.966634,0.984941,1.027075,2.616869,1.021588,1.1837,0.9500
fcc6c600f83b,vggt_1b,VGGT,1B,1190.60,scale_shift,window,real,fisheye,tilt0,0.0,0.0,0.0,200,0,0.069629,0.040199,0.318781,0.122671,0.030563,0.939660,0.972958,0.990247,0.975639,2.829955,,1.4018,
fcc6c600f83b,vggt_1b,VGGT,1B,1190.60,scale_shift,window,real,fisheye,tilt10,10.0,10.0,10.0,800,0,0.070739,0.039347,0.314724,0.122646,0.030838,0.939117,0.974073,0.990509,0.978589,2.836163,,1.4018,
fcc6c600f83b,vggt_1b,VGGT,1B,1190.60,scale_shift,window,real,fisheye,tilt20,20.0,20.0,20.0,800,0,0.080383,0.042392,0.326064,0.130646,0.034808,0.929766,0.972844,0.990375,0.981637,2.864127,,1.4018,
fcc6c600f83b,vggt_1b,VGGT,1B,1190.60,scale_shift,window,real,fisheye,tilt30,30.0,30.0,30.0,800,0,0.091058,0.049798,0.344725,0.137406,0.038853,0.915973,0.971154,0.989318,0.983163,2.934225,,1.4018,
fcc6c600f83b,vggt_1b,VGGT,1B,1190.60,scale_shift,window,real,fisheye,tilt40,40.0,40.0,40.0,800,0,0.097604,0.059354,0.363174,0.139476,0.041195,0.906998,0.969546,0.987642,0.981501,2.974527,,1.4018,
fcc6c600f83b,vggt_1b,VGGT,1B,1190.60,scale_shift,window,real,rect,tilt0,0.0,0.0,0.0,200,0,0.073452,0.042337,0.326426,0.125640,0.032168,0.934299,0.971260,0.989995,0.973118,2.804386,,1.3031,
fcc6c600f83b,vggt_1b,VGGT,1B,1190.60,scale_shift,window,real,rect,tilt10,10.0,10.0,10.0,800,0,0.072032,0.041643,0.316373,0.124860,0.031344,0.934853,0.971422,0.989710,0.976824,2.824207,,1.3031,
fcc6c600f83b,vggt_1b,VGGT,1B,1190.60,scale_shift,window,real,rect,tilt20,20.0,20.0,20.0,800,0,0.068320,0.036731,0.298271,0.120164,0.029786,0.936371,0.974048,0.991177,0.980165,2.863038,,1.3031,
fcc6c600f83b,vggt_1b,VGGT,1B,1190.60,scale_shift,window,real,rect,tilt30,30.0,30.0,30.0,800,0,0.070472,0.038386,0.293110,0.116976,0.030240,0.931395,0.974849,0.991156,0.982533,2.914396,,1.3031,
fcc6c600f83b,vggt_1b,VGGT,1B,1190.60,scale_shift,window,real,rect,tilt40,40.0,40.0,40.0,800,0,0.095718,0.075581,0.367448,0.135591,0.039387,0.896348,0.964097,0.986176,0.979681,2.924101,,1.3031,
fcc6c600f83b,vggt_1b,VGGT,1B,1190.60,scale_shift,window,synthetic,fisheye,tilt0,0.0,0.0,0.0,200,0,0.058699,0.029695,0.291425,0.110061,0.026291,0.958766,0.983128,0.993269,0.977259,2.813795,,1.9094,
fcc6c600f83b,vggt_1b,VGGT,1B,1190.60,scale_shift,window,synthetic,fisheye,tilt10,10.0,10.0,10.0,800,0,0.063381,0.031733,0.298929,0.114416,0.028158,0.954138,0.982091,0.992942,0.978103,2.832915,,1.9094,
fcc6c600f83b,vggt_1b,VGGT,1B,1190.60,scale_shift,window,synthetic,fisheye,tilt20,20.0,20.0,20.0,800,0,0.071748,0.035841,0.311518,0.120453,0.031456,0.947195,0.980174,0.991883,0.982093,2.856790,,1.9094,
fcc6c600f83b,vggt_1b,VGGT,1B,1190.60,scale_shift,window,synthetic,fisheye,tilt30,30.0,30.0,30.0,800,0,0.080842,0.043414,0.331596,0.124875,0.034990,0.934381,0.979913,0.992384,0.983847,2.904226,,1.9094,
fcc6c600f83b,vggt_1b,VGGT,1B,1190.60,scale_shift,window,synthetic,fisheye,tilt40,40.0,40.0,40.0,800,0,0.112079,0.087911,0.419277,0.151386,0.046669,0.878152,0.965566,0.987830,0.979051,2.946766,,1.9094,
fcc6c600f83b,vggt_1b,VGGT,1B,1190.60,scale_shift,window,synthetic,rect,tilt0,0.0,0.0,0.0,200,0,0.060713,0.030593,0.293154,0.111739,0.027126,0.956644,0.982316,0.993208,0.976331,2.802978,,2.0970,
fcc6c600f83b,vggt_1b,VGGT,1B,1190.60,scale_shift,window,synthetic,rect,tilt10,10.0,10.0,10.0,800,0,0.061309,0.031180,0.290078,0.112657,0.027185,0.951995,0.981912,0.992956,0.977263,2.834760,,2.0970,
fcc6c600f83b,vggt_1b,VGGT,1B,1190.60,scale_shift,window,synthetic,rect,tilt20,20.0,20.0,20.0,800,0,0.063983,0.032823,0.292511,0.114872,0.028179,0.947030,0.979750,0.991957,0.978381,2.852718,,2.0970,
fcc6c600f83b,vggt_1b,VGGT,1B,1190.60,scale_shift,window,synthetic,rect,tilt30,30.0,30.0,30.0,800,0,0.064140,0.032863,0.287440,0.110473,0.028052,0.944840,0.982932,0.993268,0.981807,2.887858,,2.0970,
fcc6c600f83b,vggt_1b,VGGT,1B,1190.60,scale_shift,window,synthetic,rect,tilt40,40.0,40.0,40.0,800,0,0.127313,0.101794,0.450900,0.166762,0.052103,0.845408,0.954502,0.983841,0.971716,2.910638,,2.0970,
fcc6c600f83b,vggt_omega,VGGT-Omega,1B/512,1143.81,scale_shift,radial,real,fisheye,0-10,0.0,10.0,,200,4825,0.071668,0.045889,0.329212,0.126779,0.032309,0.930072,0.966520,0.985642,1.006919,2.092705,0.979924,1.5037,1.1057
fcc6c600f83b,vggt_omega,VGGT-Omega,1B/512,1143.81,scale_shift,radial,real,fisheye,10-20,10.0,20.0,,200,15660,0.067356,0.036410,0.311549,0.120028,0.030016,0.939126,0.972947,0.991351,1.013216,2.099366,0.978468,1.5037,1.1057
fcc6c600f83b,vggt_omega,VGGT-Omega,1B/512,1143.81,scale_shift,radial,real,fisheye,20-30,20.0,30.0,,200,29277,0.060415,0.025081,0.258230,0.108826,0.026590,0.950341,0.982480,0.994804,1.015577,2.088459,0.972482,1.5037,1.1057
fcc6c600f83b,vggt_omega,VGGT-Omega,1B/512,1143.81,scale_shift,radial,real,fisheye,30-40,30.0,40.0,,200,46487,0.062070,0.021500,0.219823,0.112948,0.026763,0.944843,0.979145,0.994156,1.003628,2.038503,0.957057,1.5037,1.1057
fcc6c600f83b,vggt_omega,VGGT-Omega,1B/512,1143.81,scale_shift,radial,real,fisheye,40-50,40.0,50.0,,200,66249,0.075234,0.025103,0.222640,0.141346,0.033215,0.938489,0.970608,0.989091,0.979494,1.956533,0.928626,1.5037,1.1057
fcc6c600f83b,vggt_omega,VGGT-Omega,1B/512,1143.81,scale_shift,radial,real,fisheye,50-55,50.0,55.0,,200,35412,0.107768,0.038898,0.280053,0.186874,0.048676,0.923094,0.964667,0.982444,0.939806,1.850061,0.886268,1.5037,1.1057
fcc6c600f83b,vggt_omega,VGGT-Omega,1B/512,1143.81,scale_shift,radial,real,rect,0-10,0.0,10.0,,200,7745,0.064439,0.044214,0.316805,0.123276,0.029031,0.934676,0.969112,0.986452,0.992989,2.258154,0.981098,0.8629,1.0476
fcc6c600f83b,vggt_omega,VGGT-Omega,1B/512,1143.81,scale_shift,radial,real,rect,10-20,10.0,20.0,,200,25247,0.061366,0.035165,0.299368,0.116428,0.027095,0.942470,0.974591,0.992005,0.994233,2.265072,0.981328,0.8629,1.0476
fcc6c600f83b,vggt_omega,VGGT-Omega,1B/512,1143.81,scale_shift,radial,real,rect,20-30,20.0,30.0,,200,50035,0.054585,0.023336,0.237880,0.103044,0.023507,0.954033,0.981514,0.995349,0.994903,2.277861,0.973320,0.8629,1.0476
fcc6c600f83b,vggt_omega,VGGT-Omega,1B/512,1143.81,scale_shift,radial,real,rect,30-40,30.0,40.0,,200,92347,0.061234,0.022384,0.207422,0.111421,0.025182,0.945303,0.974799,0.993876,0.990649,2.276234,0.964059,0.8629,1.0476
fcc6c600f83b,vggt_omega,VGGT-Omega,1B/512,1143.81,scale_shift,radial,real,rect,40-50,40.0,50.0,,200,83851,0.061394,0.021076,0.187732,0.113457,0.025423,0.947856,0.975444,0.991538,0.991755,2.281303,0.946813,0.8629,1.0476
fcc6c600f83b,vggt_omega,VGGT-Omega,1B/512,1143.81,scale_shift,radial,real,rect,50-55,50.0,55.0,,200,2874,0.055601,0.018650,0.147028,0.088140,0.024354,0.954766,0.983279,0.991108,0.995775,2.290508,0.936515,0.8629,1.0476
fcc6c600f83b,vggt_omega,VGGT-Omega,1B/512,1143.81,scale_shift,radial,synthetic,fisheye,0-10,0.0,10.0,,200,4825,0.054580,0.034380,0.295318,0.107009,0.024967,0.955771,0.981950,0.990970,1.009575,2.418797,0.983192,1.8290,1.0878
fcc6c600f83b,vggt_omega,VGGT-Omega,1B/512,1143.81,scale_shift,radial,synthetic,fisheye,10-20,10.0,20.0,,200,15660,0.049914,0.027246,0.285150,0.101105,0.022797,0.962566,0.985617,0.994906,1.010011,2.414790,0.981831,1.8290,1.0878
fcc6c600f83b,vggt_omega,VGGT-Omega,1B/512,1143.81,scale_shift,radial,synthetic,fisheye,20-30,20.0,30.0,,200,29277,0.048793,0.022062,0.255851,0.098258,0.022068,0.967502,0.987393,0.994916,1.014679,2.398276,0.979031,1.8290,1.0878
fcc6c600f83b,vggt_omega,VGGT-Omega,1B/512,1143.81,scale_shift,radial,synthetic,fisheye,30-40,30.0,40.0,,200,46487,0.054009,0.021430,0.223384,0.104743,0.023229,0.963562,0.983021,0.992395,1.007948,2.344853,0.966369,1.8290,1.0878
fcc6c600f83b,vggt_omega,VGGT-Omega,1B/512,1143.81,scale_shift,radial,synthetic,fisheye,40-50,40.0,50.0,,200,66249,0.066472,0.022767,0.209008,0.111388,0.027561,0.959204,0.981427,0.990573,0.983121,2.251322,0.940789,1.8290,1.0878
fcc6c600f83b,vggt_omega,VGGT-Omega,1B/512,1143.81,scale_shift,radial,synthetic,fisheye,50-55,50.0,55.0,,200,35412,0.099827,0.037594,0.273145,0.191999,0.044081,0.944381,0.974824,0.984266,0.945667,2.136489,0.903859,1.8290,1.0878
fcc6c600f83b,vggt_omega,VGGT-Omega,1B/512,1143.81,scale_shift,radial,synthetic,rect,0-10,0.0,10.0,,200,7745,0.044954,0.028868,0.248656,0.092239,0.019645,0.968655,0.985828,0.993090,0.990720,2.499740,0.988765,0.9998,1.0133
fcc6c600f83b,vggt_omega,VGGT-Omega,1B/512,1143.81,scale_shift,radial,synthetic,rect,10-20,10.0,20.0,,200,25247,0.041233,0.022280,0.242592,0.088121,0.018087,0.972732,0.988872,0.995836,0.991187,2.502001,0.987206,0.9998,1.0133
fcc6c600f83b,vggt_omega,VGGT-Omega,1B/512,1143.81,scale_shift,radial,synthetic,rect,20-30,20.0,30.0,,200,50035,0.039903,0.018640,0.218560,0.086506,0.017278,0.974740,0.989371,0.995909,0.993966,2.505277,0.985093,0.9998,1.0133
fcc6c600f83b,vggt_omega,VGGT-Omega,1B/512,1143.81,scale_shift,radial,synthetic,rect,30-40,30.0,40.0,,200,92347,0.046917,0.020473,0.203405,0.098146,0.019181,0.966772,0.984450,0.993655,0.996158,2.505498,0.981277,0.9998,1.0133
fcc6c600f83b,vggt_omega,VGGT-Omega,1B/512,1143.81,scale_shift,radial,synthetic,rect,40-50,40.0,50.0,,200,83851,0.049302,0.019733,0.182599,0.097620,0.019883,0.965192,0.984372,0.993668,0.999375,2.509488,0.978378,0.9998,1.0133
fcc6c600f83b,vggt_omega,VGGT-Omega,1B/512,1143.81,scale_shift,radial,synthetic,rect,50-55,50.0,55.0,,200,2874,0.044945,0.014157,0.124796,0.072037,0.018592,0.971568,0.989261,0.996839,1.003210,2.514903,0.975812,0.9998,1.0133
fcc6c600f83b,vggt_omega,VGGT-Omega,1B/512,1143.81,scale_shift,window,real,fisheye,tilt0,0.0,0.0,0.0,200,0,0.070612,0.036819,0.298621,0.119082,0.030343,0.931074,0.979005,0.992844,0.985170,2.387392,,1.2071,
fcc6c600f83b,vggt_omega,VGGT-Omega,1B/512,1143.81,scale_shift,window,real,fisheye,tilt10,10.0,10.0,10.0,800,0,0.070425,0.036402,0.294301,0.119753,0.030084,0.934861,0.977901,0.992305,0.988070,2.492722,,1.2071,
fcc6c600f83b,vggt_omega,VGGT-Omega,1B/512,1143.81,scale_shift,window,real,fisheye,tilt20,20.0,20.0,20.0,800,0,0.074602,0.037230,0.291518,0.121070,0.031613,0.933485,0.975642,0.992469,0.989801,2.617180,,1.2071,
fcc6c600f83b,vggt_omega,VGGT-Omega,1B/512,1143.81,scale_shift,window,real,fisheye,tilt30,30.0,30.0,30.0,800,0,0.080221,0.040121,0.298785,0.122948,0.033861,0.934369,0.976065,0.990743,0.991195,2.654089,,1.2071,
fcc6c600f83b,vggt_omega,VGGT-Omega,1B/512,1143.81,scale_shift,window,real,fisheye,tilt40,40.0,40.0,40.0,800,0,0.085234,0.046230,0.314472,0.126188,0.035749,0.926460,0.975032,0.989696,0.989449,2.667433,,1.2071,
fcc6c600f83b,vggt_omega,VGGT-Omega,1B/512,1143.81,scale_shift,window,real,rect,tilt0,0.0,0.0,0.0,200,0,0.071014,0.037414,0.300910,0.118810,0.030437,0.929539,0.978204,0.992699,0.984393,2.419341,,1.1372,
fcc6c600f83b,vggt_omega,VGGT-Omega,1B/512,1143.81,scale_shift,window,real,rect,tilt10,10.0,10.0,10.0,800,0,0.070322,0.037588,0.293861,0.120137,0.029981,0.931427,0.976609,0.991938,0.986729,2.456402,,1.1372,
fcc6c600f83b,vggt_omega,VGGT-Omega,1B/512,1143.81,scale_shift,window,real,rect,tilt20,20.0,20.0,20.0,800,0,0.067711,0.035958,0.279837,0.115784,0.028675,0.931000,0.975317,0.992366,0.988992,2.539004,,1.1372,
fcc6c600f83b,vggt_omega,VGGT-Omega,1B/512,1143.81,scale_shift,window,real,rect,tilt30,30.0,30.0,30.0,800,0,0.064183,0.032759,0.261718,0.108938,0.027185,0.939204,0.977411,0.992136,0.989277,2.649827,,1.1372,
fcc6c600f83b,vggt_omega,VGGT-Omega,1B/512,1143.81,scale_shift,window,real,rect,tilt40,40.0,40.0,40.0,800,0,0.080757,0.052678,0.331432,0.148589,0.034746,0.917442,0.969925,0.987430,0.984889,2.581916,,1.1372,
fcc6c600f83b,vggt_omega,VGGT-Omega,1B/512,1143.81,scale_shift,window,synthetic,fisheye,tilt0,0.0,0.0,0.0,200,0,0.052216,0.025627,0.262888,0.098540,0.022912,0.961302,0.986904,0.995679,0.985655,2.868597,,1.4705,
fcc6c600f83b,vggt_omega,VGGT-Omega,1B/512,1143.81,scale_shift,window,synthetic,fisheye,tilt10,10.0,10.0,10.0,800,0,0.056328,0.027587,0.270133,0.103824,0.024530,0.959482,0.985345,0.994939,0.986466,2.926285,,1.4705,
fcc6c600f83b,vggt_omega,VGGT-Omega,1B/512,1143.81,scale_shift,window,synthetic,fisheye,tilt20,20.0,20.0,20.0,800,0,0.062264,0.029615,0.273381,0.107935,0.026723,0.957448,0.984278,0.994157,0.989466,2.999422,,1.4705,
fcc6c600f83b,vggt_omega,VGGT-Omega,1B/512,1143.81,scale_shift,window,synthetic,fisheye,tilt30,30.0,30.0,30.0,800,0,0.068582,0.032225,0.281786,0.110510,0.029227,0.952729,0.984769,0.994070,0.992409,3.030492,,1.4705,
fcc6c600f83b,vggt_omega,VGGT-Omega,1B/512,1143.81,scale_shift,window,synthetic,fisheye,tilt40,40.0,40.0,40.0,800,0,0.076784,0.040072,0.308522,0.121614,0.032863,0.942100,0.981306,0.992822,0.988849,3.077769,,1.4705,
fcc6c600f83b,vggt_omega,VGGT-Omega,1B/512,1143.81,scale_shift,window,synthetic,rect,tilt0,0.0,0.0,0.0,200,0,0.056204,0.027394,0.276548,0.104181,0.024852,0.957888,0.985363,0.994923,0.982590,2.916509,,1.2574,
fcc6c600f83b,vggt_omega,VGGT-Omega,1B/512,1143.81,scale_shift,window,synthetic,rect,tilt10,10.0,10.0,10.0,800,0,0.055320,0.027692,0.273472,0.104924,0.024309,0.958817,0.984730,0.994375,0.983003,2.958772,,1.2574,
fcc6c600f83b,vggt_omega,VGGT-Omega,1B/512,1143.81,scale_shift,window,synthetic,rect,tilt20,20.0,20.0,20.0,800,0,0.055232,0.028002,0.265028,0.103990,0.023888,0.957846,0.983713,0.994082,0.986520,2.998243,,1.2574,
fcc6c600f83b,vggt_omega,VGGT-Omega,1B/512,1143.81,scale_shift,window,synthetic,rect,tilt30,30.0,30.0,30.0,800,0,0.054661,0.027257,0.251980,0.099437,0.023482,0.954888,0.985387,0.994358,0.988998,3.027493,,1.2574,
fcc6c600f83b,vggt_omega,VGGT-Omega,1B/512,1143.81,scale_shift,window,synthetic,rect,tilt40,40.0,40.0,40.0,800,0,0.070672,0.041800,0.314649,0.137334,0.030978,0.938161,0.979305,0.990618,0.984767,3.095722,,1.2574,
fcc6c600f83b,dav2_large,Depth-Anything-V2,Large,335.32,disparity_scale_shift,radial,real,fisheye,0-10,0.0,10.0,,200,4944,0.117148,0.221028,0.535415,0.159515,0.048712,0.904398,0.962552,0.977694,1.019774,0.757517,1.004931,1.0041,1.1112
fcc6c600f83b,dav2_large,Depth-Anything-V2,Large,335.32,disparity_scale_shift,radial,real,fisheye,10-20,10.0,20.0,,200,16022,0.115473,0.557061,0.686870,0.150279,0.045491,0.914558,0.972704,0.984186,1.022446,0.799233,0.995474,1.0041,1.1112
fcc6c600f83b,dav2_large,Depth-Anything-V2,Large,335.32,disparity_scale_shift,radial,real,fisheye,20-30,20.0,30.0,,200,29952,0.110096,0.427607,0.683290,0.142699,0.043594,0.917500,0.974984,0.987935,1.021420,0.853430,0.975123,1.0041,1.1112
fcc6c600f83b,dav2_large,Depth-Anything-V2,Large,335.32,disparity_scale_shift,radial,real,fisheye,30-40,30.0,40.0,,200,47588,0.106287,0.262597,0.593035,0.140672,0.042587,0.911206,0.974405,0.989139,1.010834,0.912515,0.953167,1.0041,1.1112
fcc6c600f83b,dav2_large,Depth-Anything-V2,Large,335.32,disparity_scale_shift,radial,real,fisheye,40-50,40.0,50.0,,200,67824,0.105386,0.154117,0.499840,0.144905,0.043178,0.900624,0.973658,0.989512,0.988875,0.958172,0.928664,1.0041,1.1112
fcc6c600f83b,dav2_large,Depth-Anything-V2,Large,335.32,disparity_scale_shift,radial,real,fisheye,50-55,50.0,55.0,,200,36245,0.117632,0.119472,0.457088,0.166162,0.049641,0.878796,0.964417,0.984727,0.968403,0.979727,0.904385,1.0041,1.1112
fcc6c600f83b,dav2_large,Depth-Anything-V2,Large,335.32,disparity_scale_shift,radial,real,rect,0-10,0.0,10.0,,200,7926,0.121582,1.718208,0.690458,0.145919,0.040034,0.918001,0.964662,0.979163,0.995601,1.260659,1.003126,0.7334,1.0126
fcc6c600f83b,dav2_large,Depth-Anything-V2,Large,335.32,disparity_scale_shift,radial,real,rect,10-20,10.0,20.0,,200,25857,0.092596,0.630832,0.650834,0.130681,0.034281,0.926755,0.973183,0.985681,0.996587,1.350675,0.995327,0.7334,1.0126
fcc6c600f83b,dav2_large,Depth-Anything-V2,Large,335.32,disparity_scale_shift,radial,real,rect,20-30,20.0,30.0,,200,51196,0.086749,0.486518,0.639339,0.121430,0.032634,0.934118,0.975734,0.989250,0.996262,1.469135,0.985778,0.7334,1.0126
fcc6c600f83b,dav2_large,Depth-Anything-V2,Large,335.32,disparity_scale_shift,radial,real,rect,30-40,30.0,40.0,,200,94551,0.090488,0.407328,0.591647,0.123866,0.034779,0.925450,0.972993,0.989094,0.994028,1.619686,0.978233,0.7334,1.0126
fcc6c600f83b,dav2_large,Depth-Anything-V2,Large,335.32,disparity_scale_shift,radial,real,rect,40-50,40.0,50.0,,200,85810,0.088815,0.124544,0.412983,0.124983,0.037024,0.918768,0.971197,0.989024,1.003984,1.766652,0.979112,0.7334,1.0126
fcc6c600f83b,dav2_large,Depth-Anything-V2,Large,335.32,disparity_scale_shift,radial,real,rect,50-55,50.0,55.0,,200,2940,0.089169,0.072883,0.304586,0.118686,0.039550,0.916446,0.964836,0.988702,1.027271,1.850661,0.990643,0.7334,1.0126
fcc6c600f83b,dav2_large,Depth-Anything-V2,Large,335.32,disparity_scale_shift,radial,synthetic,fisheye,0-10,0.0,10.0,,200,4944,0.121024,0.651385,0.599515,0.142033,0.046038,0.936019,0.971700,0.981676,1.041261,1.226376,1.005570,1.1776,1.1512
fcc6c600f83b,dav2_large,Depth-Anything-V2,Large,335.32,disparity_scale_shift,radial,synthetic,fisheye,10-20,10.0,20.0,,200,16022,0.109409,0.456451,0.592633,0.138033,0.043115,0.936040,0.976876,0.987182,1.044907,1.267489,0.997469,1.1776,1.1512
fcc6c600f83b,dav2_large,Depth-Anything-V2,Large,335.32,disparity_scale_shift,radial,synthetic,fisheye,20-30,20.0,30.0,,200,29952,0.109676,0.520610,0.603572,0.139174,0.043169,0.929823,0.976180,0.988090,1.042671,1.319868,0.978744,1.1776,1.1512
fcc6c600f83b,dav2_large,Depth-Anything-V2,Large,335.32,disparity_scale_shift,radial,synthetic,fisheye,30-40,30.0,40.0,,200,47588,0.110355,0.394831,0.615262,0.142913,0.043128,0.918475,0.972965,0.985941,1.021857,1.376727,0.951833,1.1776,1.1512
fcc6c600f83b,dav2_large,Depth-Anything-V2,Large,335.32,disparity_scale_shift,radial,synthetic,fisheye,40-50,40.0,50.0,,200,67824,0.123265,0.762838,0.717631,0.152901,0.044806,0.910013,0.971363,0.985072,0.983058,1.396854,0.914048,1.1776,1.1512
fcc6c600f83b,dav2_large,Depth-Anything-V2,Large,335.32,disparity_scale_shift,radial,synthetic,fisheye,50-55,50.0,55.0,,200,36245,0.142519,0.507888,0.684739,0.172537,0.053383,0.880202,0.966209,0.983520,0.944024,1.375432,0.873528,1.1776,1.1512
fcc6c600f83b,dav2_large,Depth-Anything-V2,Large,335.32,disparity_scale_shift,radial,synthetic,rect,0-10,0.0,10.0,,200,7926,0.110114,2.326254,0.648348,0.119951,0.032763,0.947593,0.973228,0.983976,1.008771,1.248949,1.004371,0.7271,1.0137
fcc6c600f83b,dav2_large,Depth-Anything-V2,Large,335.32,disparity_scale_shift,radial,synthetic,rect,10-20,10.0,20.0,,200,25857,0.081000,0.690634,0.538184,0.113855,0.028845,0.951004,0.978728,0.988748,1.008463,1.323413,0.998383,0.7271,1.0137
fcc6c600f83b,dav2_large,Depth-Anything-V2,Large,335.32,disparity_scale_shift,radial,synthetic,rect,20-30,20.0,30.0,,200,51196,0.074522,0.403557,0.484080,0.111681,0.028458,0.951039,0.980713,0.991415,1.005334,1.434378,0.990415,0.7271,1.0137
fcc6c600f83b,dav2_large,Depth-Anything-V2,Large,335.32,disparity_scale_shift,radial,synthetic,rect,30-40,30.0,40.0,,200,94551,0.080480,0.237161,0.440288,0.118092,0.031457,0.942796,0.978141,0.990842,0.998527,1.588544,0.982405,0.7271,1.0137
fcc6c600f83b,dav2_large,Depth-Anything-V2,Large,335.32,disparity_scale_shift,radial,synthetic,rect,40-50,40.0,50.0,,200,85810,0.085020,0.223405,0.387606,0.120077,0.033807,0.936862,0.978475,0.991081,1.004439,1.725436,0.982647,0.7271,1.0137
fcc6c600f83b,dav2_large,Depth-Anything-V2,Large,335.32,disparity_scale_shift,radial,synthetic,rect,50-55,50.0,55.0,,200,2940,0.080067,0.072308,0.264576,0.103669,0.033866,0.933205,0.981008,0.993267,1.015906,1.782486,0.990840,0.7271,1.0137
fcc6c600f83b,dav2_large,Depth-Anything-V2,Large,335.32,disparity_scale_shift,window,real,fisheye,tilt0,0.0,0.0,0.0,200,0,0.074886,0.374673,0.583973,0.121379,0.030145,0.929668,0.974391,0.990376,0.997616,2.066747,,1.4049,
fcc6c600f83b,dav2_large,Depth-Anything-V2,Large,335.32,disparity_scale_shift,window,real,fisheye,tilt10,10.0,10.0,10.0,800,0,0.079828,0.402628,0.575369,0.122264,0.031984,0.932674,0.975411,0.990204,0.999426,2.127267,,1.4049,
fcc6c600f83b,dav2_large,Depth-Anything-V2,Large,335.32,disparity_scale_shift,window,real,fisheye,tilt20,20.0,20.0,20.0,800,0,0.092860,0.311801,0.556616,0.130755,0.037946,0.921135,0.972298,0.989748,1.002980,2.223804,,1.4049,
fcc6c600f83b,dav2_large,Depth-Anything-V2,Large,335.32,disparity_scale_shift,window,real,fisheye,tilt30,30.0,30.0,30.0,800,0,0.107239,0.283912,0.581146,0.143249,0.044424,0.901014,0.967349,0.986712,1.006867,2.330409,,1.4049,
fcc6c600f83b,dav2_large,Depth-Anything-V2,Large,335.32,disparity_scale_shift,window,real,fisheye,tilt40,40.0,40.0,40.0,800,0,0.105209,0.296640,0.550016,0.139573,0.043870,0.904228,0.968386,0.987028,1.004645,1.915184,,1.4049,
fcc6c600f83b,dav2_large,Depth-Anything-V2,Large,335.32,disparity_scale_shift,window,real,rect,tilt0,0.0,0.0,0.0,200,0,0.072201,0.263445,0.514016,0.119246,0.029647,0.931922,0.975513,0.990687,0.997982,2.067371,,1.1152,
fcc6c600f83b,dav2_large,Depth-Anything-V2,Large,335.32,disparity_scale_shift,window,real,rect,tilt10,10.0,10.0,10.0,800,0,0.073750,0.289854,0.514857,0.119294,0.029816,0.933928,0.974890,0.990021,0.999141,2.141460,,1.1152,
fcc6c600f83b,dav2_large,Depth-Anything-V2,Large,335.32,disparity_scale_shift,window,real,rect,tilt20,20.0,20.0,20.0,800,0,0.075264,0.296638,0.494606,0.117457,0.030493,0.929250,0.974102,0.990506,1.001156,2.237094,,1.1152,
fcc6c600f83b,dav2_large,Depth-Anything-V2,Large,335.32,disparity_scale_shift,window,real,rect,tilt30,30.0,30.0,30.0,800,0,0.078384,0.292887,0.492931,0.116975,0.031993,0.922934,0.973308,0.989569,1.002260,2.359349,,1.1152,
fcc6c600f83b,dav2_large,Depth-Anything-V2,Large,335.32,disparity_scale_shift,window,real,rect,tilt40,40.0,40.0,40.0,800,0,0.080515,0.147746,0.418044,0.119982,0.034389,0.917823,0.972923,0.989840,1.000479,1.183433,,1.1152,
fcc6c600f83b,dav2_large,Depth-Anything-V2,Large,335.32,disparity_scale_shift,window,synthetic,fisheye,tilt0,0.0,0.0,0.0,200,0,0.051688,0.044344,0.297018,0.094994,0.022062,0.965891,0.988026,0.995284,1.002061,2.039818,,1.6793,
fcc6c600f83b,dav2_large,Depth-Anything-V2,Large,335.32,disparity_scale_shift,window,synthetic,fisheye,tilt10,10.0,10.0,10.0,800,0,0.058023,0.061601,0.311383,0.098895,0.024583,0.964060,0.987469,0.994866,1.002767,2.097161,,1.6793,
fcc6c600f83b,dav2_large,Depth-Anything-V2,Large,335.32,disparity_scale_shift,window,synthetic,fisheye,tilt20,20.0,20.0,20.0,800,0,0.076346,0.140390,0.393799,0.112851,0.031789,0.947826,0.984078,0.993974,1.004598,2.210329,,1.6793,
fcc6c600f83b,dav2_large,Depth-Anything-V2,Large,335.32,disparity_scale_shift,window,synthetic,fisheye,tilt30,30.0,30.0,30.0,800,0,0.086279,0.152560,0.427637,0.122302,0.036105,0.935576,0.981921,0.993446,1.006465,2.326768,,1.6793,
fcc6c600f83b,dav2_large,Depth-Anything-V2,Large,335.32,disparity_scale_shift,window,synthetic,fisheye,tilt40,40.0,40.0,40.0,800,0,0.086802,0.168286,0.425215,0.123396,0.036308,0.935066,0.980944,0.992263,1.005541,2.021164,,1.6793,
fcc6c600f83b,dav2_large,Depth-Anything-V2,Large,335.32,disparity_scale_shift,window,synthetic,rect,tilt0,0.0,0.0,0.0,200,0,0.052482,0.091939,0.321257,0.095015,0.022154,0.966455,0.988231,0.995307,1.002132,2.037696,,1.3459,
fcc6c600f83b,dav2_large,Depth-Anything-V2,Large,335.32,disparity_scale_shift,window,synthetic,rect,tilt10,10.0,10.0,10.0,800,0,0.052056,0.059300,0.297661,0.094677,0.022017,0.965899,0.987770,0.994931,1.002120,2.110615,,1.3459,
fcc6c600f83b,dav2_large,Depth-Anything-V2,Large,335.32,disparity_scale_shift,window,synthetic,rect,tilt20,20.0,20.0,20.0,800,0,0.059275,0.119410,0.341543,0.100572,0.024530,0.954146,0.984835,0.994085,1.003727,2.216699,,1.3459,
fcc6c600f83b,dav2_large,Depth-Anything-V2,Large,335.32,disparity_scale_shift,window,synthetic,rect,tilt30,30.0,30.0,30.0,800,0,0.060681,0.093097,0.328492,0.102400,0.025410,0.949624,0.984156,0.993541,1.004350,2.351145,,1.3459,
fcc6c600f83b,dav2_large,Depth-Anything-V2,Large,335.32,disparity_scale_shift,window,synthetic,rect,tilt40,40.0,40.0,40.0,800,0,0.070634,0.092525,0.342677,0.113142,0.030118,0.940702,0.981558,0.992488,1.003485,1.155013,,1.3459,
fcc6c600f83b,da3_large,Depth-Anything-3,Large,410.94,scale_shift,radial,real,fisheye,0-10,0.0,10.0,,200,4944,0.090185,0.051820,0.325821,0.126858,0.037846,0.919669,0.969398,0.990059,0.996655,2.291167,0.991683,1.4802,1.0120
fcc6c600f83b,da3_large,Depth-Anything-3,Large,410.94,scale_shift,radial,real,fisheye,10-20,10.0,20.0,,200,16022,0.084828,0.042285,0.302725,0.120071,0.035298,0.926118,0.973521,0.993787,1.001439,2.294705,0.993771,1.4802,1.0120
fcc6c600f83b,da3_large,Depth-Anything-3,Large,410.94,scale_shift,radial,real,fisheye,20-30,20.0,30.0,,200,29952,0.077799,0.031042,0.258149,0.113388,0.032576,0.935491,0.979515,0.996668,1.007778,2.279873,1.000601,1.4802,1.0120
fcc6c600f83b,da3_large,Depth-Anything-3,Large,410.94,scale_shift,radial,real,fisheye,30-40,30.0,40.0,,200,47588,0.083146,0.030832,0.236758,0.127827,0.035019,0.925509,0.979635,0.993614,0.998635,2.206922,0.999026,1.4802,1.0120
fcc6c600f83b,da3_large,Depth-Anything-3,Large,410.94,scale_shift,radial,real,fisheye,40-50,40.0,50.0,,200,67824,0.101523,0.041378,0.258011,0.173210,0.045189,0.898781,0.962600,0.985089,0.981202,2.102494,0.991723,1.4802,1.0120
fcc6c600f83b,da3_large,Depth-Anything-3,Large,410.94,scale_shift,radial,real,fisheye,50-55,50.0,55.0,,200,36245,0.133491,0.060972,0.327618,0.229437,0.061639,0.859775,0.938862,0.969895,0.956121,1.991961,0.979967,1.4802,1.0120
fcc6c600f83b,da3_large,Depth-Anything-3,Large,410.94,scale_shift,radial,real,rect,0-10,0.0,10.0,,200,7926,0.070598,0.043256,0.293774,0.114656,0.029868,0.945590,0.972147,0.989669,0.988993,2.177317,0.990018,1.1297,0.9603
fcc6c600f83b,da3_large,Depth-Anything-3,Large,410.94,scale_shift,radial,real,rect,10-20,10.0,20.0,,200,25857,0.068384,0.036611,0.271792,0.109567,0.028108,0.943127,0.972949,0.993549,0.988985,2.172652,0.987301,1.1297,0.9603
fcc6c600f83b,da3_large,Depth-Anything-3,Large,410.94,scale_shift,radial,real,rect,20-30,20.0,30.0,,200,51196,0.062765,0.026513,0.226647,0.102775,0.025815,0.947063,0.977150,0.996032,0.993301,2.176196,0.993506,1.1297,0.9603
fcc6c600f83b,da3_large,Depth-Anything-3,Large,410.94,scale_shift,radial,real,rect,30-40,30.0,40.0,,200,94551,0.069128,0.026729,0.212352,0.115831,0.028706,0.937366,0.978812,0.992314,0.992332,2.156314,1.001982,1.1297,0.9603
fcc6c600f83b,da3_large,Depth-Anything-3,Large,410.94,scale_shift,radial,real,rect,40-50,40.0,50.0,,200,85810,0.077181,0.032185,0.217791,0.133703,0.033679,0.924079,0.972987,0.987758,0.995191,2.138726,1.011139,1.1297,0.9603
fcc6c600f83b,da3_large,Depth-Anything-3,Large,410.94,scale_shift,radial,real,rect,50-55,50.0,55.0,,200,2940,0.079755,0.035693,0.209290,0.125932,0.037304,0.919340,0.959735,0.983714,1.003615,2.129011,1.030959,1.1297,0.9603
fcc6c600f83b,da3_large,Depth-Anything-3,Large,410.94,scale_shift,radial,synthetic,fisheye,0-10,0.0,10.0,,200,4944,0.063955,0.041234,0.278409,0.106087,0.026989,0.963786,0.983571,0.991214,1.002271,2.606674,0.998231,1.9707,1.0339
fcc6c600f83b,da3_large,Depth-Anything-3,Large,410.94,scale_shift,radial,synthetic,fisheye,10-20,10.0,20.0,,200,16022,0.059699,0.031324,0.272259,0.100133,0.025467,0.966608,0.987999,0.995395,1.008756,2.596690,1.002962,1.9707,1.0339
fcc6c600f83b,da3_large,Depth-Anything-3,Large,410.94,scale_shift,radial,synthetic,fisheye,20-30,20.0,30.0,,200,29952,0.064112,0.027045,0.256845,0.105870,0.027938,0.962679,0.988149,0.994806,1.018868,2.583984,1.011131,1.9707,1.0339
fcc6c600f83b,da3_large,Depth-Anything-3,Large,410.94,scale_shift,radial,synthetic,fisheye,30-40,30.0,40.0,,200,47588,0.079526,0.030072,0.241585,0.129548,0.034104,0.931760,0.978710,0.990587,1.011775,2.509584,1.003881,1.9707,1.0339
fcc6c600f83b,da3_large,Depth-Anything-3,Large,410.94,scale_shift,radial,synthetic,fisheye,40-50,40.0,50.0,,200,67824,0.099008,0.037821,0.247607,0.154822,0.042244,0.903282,0.962421,0.985278,0.992844,2.391504,0.989335,1.9707,1.0339
fcc6c600f83b,da3_large,Depth-Anything-3,Large,410.94,scale_shift,radial,synthetic,fisheye,50-55,50.0,55.0,,200,36245,0.126035,0.054073,0.300135,0.193312,0.054322,0.875679,0.949423,0.975962,0.964239,2.264422,0.965473,1.9707,1.0339
fcc6c600f83b,da3_large,Depth-Anything-3,Large,410.94,scale_shift,radial,synthetic,rect,0-10,0.0,10.0,,200,7926,0.050710,0.036250,0.248768,0.094153,0.020809,0.967883,0.984734,0.992223,0.992688,2.563432,0.998269,1.2458,1.0001
fcc6c600f83b,da3_large,Depth-Anything-3,Large,410.94,scale_shift,radial,synthetic,rect,10-20,10.0,20.0,,200,25857,0.046584,0.026512,0.243395,0.090778,0.019594,0.970764,0.988971,0.995546,0.993875,2.558272,0.997240,1.2458,1.0001
fcc6c600f83b,da3_large,Depth-Anything-3,Large,410.94,scale_shift,radial,synthetic,rect,20-30,20.0,30.0,,200,51196,0.045969,0.021859,0.223868,0.091900,0.019490,0.973447,0.988806,0.995133,0.999415,2.566931,1.000618,1.2458,1.0001
fcc6c600f83b,da3_large,Depth-Anything-3,Large,410.94,scale_shift,radial,synthetic,rect,30-40,30.0,40.0,,200,94551,0.055090,0.024146,0.213405,0.105413,0.022517,0.965413,0.983978,0.992001,1.000733,2.558802,0.998529,1.2458,1.0001
fcc6c600f83b,da3_large,Depth-Anything-3,Large,410.94,scale_shift,radial,synthetic,rect,40-50,40.0,50.0,,200,85810,0.061967,0.023849,0.200370,0.109413,0.025574,0.956218,0.983005,0.991852,1.002805,2.549465,0.997868,1.2458,1.0001
fcc6c600f83b,da3_large,Depth-Anything-3,Large,410.94,scale_shift,radial,synthetic,rect,50-55,50.0,55.0,,200,2940,0.063175,0.021584,0.160457,0.092288,0.026614,0.955254,0.986071,0.993920,1.004620,2.541720,0.998189,1.2458,1.0001
fcc6c600f83b,da3_large,Depth-Anything-3,Large,410.94,scale_shift,window,real,fisheye,tilt0,0.0,0.0,0.0,200,0,0.078426,0.043199,0.293982,0.122303,0.032551,0.916320,0.972851,0.994390,0.990655,2.684302,,1.4444,
fcc6c600f83b,da3_large,Depth-Anything-3,Large,410.94,scale_shift,window,real,fisheye,tilt10,10.0,10.0,10.0,800,0,0.079841,0.043364,0.287815,0.124565,0.032954,0.917530,0.971593,0.992688,0.993623,2.744119,,1.4444,
fcc6c600f83b,da3_large,Depth-Anything-3,Large,410.94,scale_shift,window,real,fisheye,tilt20,20.0,20.0,20.0,800,0,0.086241,0.046131,0.289520,0.129856,0.035301,0.916485,0.969798,0.990077,0.996151,2.822705,,1.4444,
fcc6c600f83b,da3_large,Depth-Anything-3,Large,410.94,scale_shift,window,real,fisheye,tilt30,30.0,30.0,30.0,800,0,0.097058,0.053095,0.314284,0.136418,0.039695,0.904388,0.968999,0.989762,0.994698,2.887291,,1.4444,
fcc6c600f83b,da3_large,Depth-Anything-3,Large,410.94,scale_shift,window,real,fisheye,tilt40,40.0,40.0,40.0,800,0,0.113281,0.067832,0.366464,0.149682,0.046346,0.876201,0.964469,0.989539,0.989173,2.887266,,1.4444,
fcc6c600f83b,da3_large,Depth-Anything-3,Large,410.94,scale_shift,window,real,rect,tilt0,0.0,0.0,0.0,200,0,0.079265,0.044110,0.295604,0.124125,0.032900,0.913991,0.971890,0.994262,0.990409,2.674357,,1.6082,
fcc6c600f83b,da3_large,Depth-Anything-3,Large,410.94,scale_shift,window,real,rect,tilt10,10.0,10.0,10.0,800,0,0.079159,0.044332,0.290596,0.124742,0.032645,0.916056,0.971424,0.992442,0.993756,2.727420,,1.6082,
fcc6c600f83b,da3_large,Depth-Anything-3,Large,410.94,scale_shift,window,real,rect,tilt20,20.0,20.0,20.0,800,0,0.081387,0.044984,0.283823,0.128188,0.033448,0.913342,0.968658,0.990200,0.993847,2.780183,,1.6082,
fcc6c600f83b,da3_large,Depth-Anything-3,Large,410.94,scale_shift,window,real,rect,tilt30,30.0,30.0,30.0,800,0,0.080984,0.043358,0.277117,0.122091,0.033304,0.913818,0.971428,0.991522,0.991947,2.848105,,1.6082,
fcc6c600f83b,da3_large,Depth-Anything-3,Large,410.94,scale_shift,window,real,rect,tilt40,40.0,40.0,40.0,800,0,0.127474,0.090389,0.391559,0.164112,0.051411,0.836693,0.947746,0.986643,0.988182,2.733997,,1.6082,
fcc6c600f83b,da3_large,Depth-Anything-3,Large,410.94,scale_shift,window,synthetic,fisheye,tilt0,0.0,0.0,0.0,200,0,0.052756,0.027764,0.249316,0.097390,0.022109,0.959551,0.988342,0.995937,0.997918,2.910146,,1.8222,
fcc6c600f83b,da3_large,Depth-Anything-3,Large,410.94,scale_shift,window,synthetic,fisheye,tilt10,10.0,10.0,10.0,800,0,0.053365,0.027841,0.247680,0.098071,0.022247,0.963114,0.987414,0.995400,0.997603,2.932757,,1.8222,
fcc6c600f83b,da3_large,Depth-Anything-3,Large,410.94,scale_shift,window,synthetic,fisheye,tilt20,20.0,20.0,20.0,800,0,0.062560,0.031473,0.258460,0.105759,0.025904,0.956976,0.984943,0.993993,0.998621,2.939374,,1.8222,
fcc6c600f83b,da3_large,Depth-Anything-3,Large,410.94,scale_shift,window,synthetic,fisheye,tilt30,30.0,30.0,30.0,800,0,0.074263,0.037780,0.285152,0.115036,0.030815,0.943327,0.983016,0.993739,0.996641,2.946025,,1.8222,
fcc6c600f83b,da3_large,Depth-Anything-3,Large,410.94,scale_shift,window,synthetic,fisheye,tilt40,40.0,40.0,40.0,800,0,0.096131,0.055849,0.347222,0.136250,0.039628,0.910014,0.975755,0.991134,0.991694,2.921018,,1.8222,
fcc6c600f83b,da3_large,Depth-Anything-3,Large,410.94,scale_shift,window,synthetic,rect,tilt0,0.0,0.0,0.0,200,0,0.052530,0.027435,0.247014,0.096717,0.022018,0.960674,0.988505,0.995925,0.997296,2.942708,,1.9148,
fcc6c600f83b,da3_large,Depth-Anything-3,Large,410.94,scale_shift,window,synthetic,rect,tilt10,10.0,10.0,10.0,800,0,0.051875,0.028195,0.244748,0.097429,0.021556,0.961138,0.986960,0.994936,0.997887,2.940022,,1.9148,
fcc6c600f83b,da3_large,Depth-Anything-3,Large,410.94,scale_shift,window,synthetic,rect,tilt20,20.0,20.0,20.0,800,0,0.056726,0.031494,0.251091,0.103025,0.023326,0.954635,0.984135,0.993618,0.998389,2.933178,,1.9148,
fcc6c600f83b,da3_large,Depth-Anything-3,Large,410.94,scale_shift,window,synthetic,rect,tilt30,30.0,30.0,30.0,800,0,0.063520,0.034461,0.261683,0.107460,0.026290,0.945351,0.982599,0.993418,0.996302,2.965530,,1.9148,
fcc6c600f83b,da3_large,Depth-Anything-3,Large,410.94,scale_shift,window,synthetic,rect,tilt40,40.0,40.0,40.0,800,0,0.100582,0.064844,0.339103,0.142052,0.040727,0.885397,0.965221,0.989781,0.995150,2.844963,,1.9148,
